assessment_index,category,title,doi,download_link,alt_link,save_as
17,Bioprinting,3D bioprinting of collagen-based high-resolution internally perfusable scaffolds for engineering fully biologic tissue systems,10.1126/sciadv.adu5905,https://doi.org/10.1126/sciadv.adu5905,https://www.science.org/doi/10.1126/sciadv.adu5905,017_3D_bioprinting_of_collagen_based_high_resolution_internally_perfusable_scaffolds_for_engineering_fully_biologic_tissue_s.pdf
49,Bioprinting,A Custom Ultra-Low-Cost 3D Bioprinter Supports Cell Growth and Differentiation,10.3389/fbioe.2020.580889,https://doi.org/10.3389/fbioe.2020.580889,https://doi.org/10.3389/fbioe.2020.580889,049_A_Custom_Ultra_Low_Cost_3D_Bioprinter_Supports_Cell_Growth_and_Differentiation.pdf
38,Bioprinting,A Versatile Open-Source Printhead for Low-Cost 3D Microextrusion-Based Bioprinting,10.3390/polym12102346,https://doi.org/10.3390/polym12102346,https://doi.org/10.3390/polym12102346,038_A_Versatile_Open_Source_Printhead_for_Low_Cost_3D_Microextrusion_Based_Bioprinting.pdf
,Bioprinting,A desktop multi-material 3D bio-printing system with open-source hardware and software,10.1007/s12541-017-0072-x,https://doi.org/10.1007/s12541-017-0072-x,https://link.springer.com/article/10.1007/s12541-017-0072-x,xxx_A_desktop_multi_material_3D_bio_printing_system_with_open_source_hardware_and_software.pdf
19,Bioprinting,An Open-Source 3D Bioprinter Using Direct Light Processing for Tissue Engineering Applications,10.3390/inventions10050092,https://doi.org/10.3390/inventions10050092,https://www.mdpi.com/2411-5134/10/5/92,019_An_Open_Source_3D_Bioprinter_Using_Direct_Light_Processing_for_Tissue_Engineering_Applications.pdf
25,Bioprinting,Design and Implementation of an Accessible 3D Bioprinter: Benchmarking the Performance of a Home-Made Bioprinter against a Professional Bioprinter,10.3390/app131810213,https://doi.org/10.3390/app131810213,https://www.mdpi.com/2076-3417/13/18/10213,025_Design_and_Implementation_of_an_Accessible_3D_Bioprinter_Benchmarking_the_Performance_of_a_Home_Made_Bioprinter_against_.pdf
21,Bioprinting,Design and Validation of a Piston-Driven Syringe-Extrusion Bioprinter Using an FDM Frame,10.3390/biomimetics10120811,https://doi.org/10.3390/biomimetics10120811,https://www.mdpi.com/2313-7673/10/12/811,021_Design_and_Validation_of_a_Piston_Driven_Syringe_Extrusion_Bioprinter_Using_an_FDM_Frame.pdf
,Bioprinting,Design of Multi-nozzle Bio-3D Printer System Based on Marlin Firmware,10.1007/978-981-16-7381-8_103,https://doi.org/10.1007/978-981-16-7381-8_103,https://link.springer.com/chapter/10.1007/978-981-16-7381-8_103,xxx_Design_of_Multi_nozzle_Bio_3D_Printer_System_Based_on_Marlin_Firmware.pdf
,Bioprinting,Development of a Microfluidic Open Source 3D bioprinting System (MOS3S) for the engineering of hierarchical tissues,10.17632/s8bpwp2ryb.1,https://doi.org/10.17632/s8bpwp2ryb.1,https://data.mendeley.com/datasets/s8bpwp2ryb/1,xxx_Development_of_a_Microfluidic_Open_Source_3D_bioprinting_System_MOS3S_for_the_engineering_of_hierarchical_tissues.pdf
23,Bioprinting,Extrusion-Based Bioprinting in a Cost-Effective Bioprinter,10.3390/machines12080518,https://doi.org/10.3390/machines12080518,https://www.mdpi.com/2075-1702/12/8/518,023_Extrusion_Based_Bioprinting_in_a_Cost_Effective_Bioprinter.pdf
,Bioprinting,Large volume syringe pump extruder for desktop 3D printers,10.1016/j.ohx.2018.02.001,https://doi.org/10.1016/j.ohx.2018.02.001,https://pmc.ncbi.nlm.nih.gov/articles/PMC6258044/,xxx_Large_volume_syringe_pump_extruder_for_desktop_3D_printers.pdf
11,Bioprinting,LusoBioMaker: A low-cost 3D bioprinter with multi-extrusion and contour printing capabilities for thermo- and photocurable hydrogels towards complex tissue fabrication,10.1016/j.bprint.2025.e00425,https://doi.org/10.1016/j.bprint.2025.e00425,https://doi.org/10.1016/j.bprint.2025.e00425,011_LusoBioMaker_A_low_cost_3D_bioprinter_with_multi_extrusion_and_contour_printing_capabilities_for_thermo_and_photocurable.pdf
36,Bioprinting,Open-source hybrid 3D-bioprinter for simultaneous printing of thermoplastics and hydrogels,10.1016/j.ohx.2021.e00230,https://doi.org/10.1016/j.ohx.2021.e00230,https://www.sciencedirect.com/science/article/pii/S2468067221000596,036_Open_source_hybrid_3D_bioprinter_for_simultaneous_printing_of_thermoplastics_and_hydrogels.pdf
,Bioprinting,Systematic design of an advanced open-source 3D bioprinter for extrusion and electrohydrodynamic-based processes,10.1007/s00170-021-06634-1,https://doi.org/10.1007/s00170-021-06634-1,https://link.springer.com/article/10.1007/s00170-021-06634-1,xxx_Systematic_design_of_an_advanced_open_source_3D_bioprinter_for_extrusion_and_electrohydrodynamic_based_processes.pdf
107,Bioprinting,mSLAb–An open-source masked stereolithography (mSLA) bioprinter,10.1016/j.ohx.2024.e00543,https://doi.org/10.1016/j.ohx.2024.e00543,https://doi.org/10.1016/j.ohx.2024.e00543,107_mSLAb_An_open_source_masked_stereolithography_mSLA_bioprinter.pdf
45,Bioreactors & Cell Culture,BIO-SPEC: An open-source bench-top parallel bioreactor system,10.1016/j.ohx.2025.e00670,https://doi.org/10.1016/j.ohx.2025.e00670,https://doi.org/10.1016/j.ohx.2025.e00670,045_BIO_SPEC_An_open_source_bench_top_parallel_bioreactor_system.pdf
47,Bioreactors & Cell Culture,Enhanced Growth of Bacterial Cells in a Smart 3D Printed Bioreactor,10.3390/mi14101829,https://doi.org/10.3390/mi14101829,https://doi.org/10.3390/mi14101829,047_Enhanced_Growth_of_Bacterial_Cells_in_a_Smart_3D_Printed_Bioreactor.pdf
18,Custom Printer | Bioprinting,"A Low-Cost, Open-Source 3D Printer for Multimaterial and High-Throughput Direct Ink Writing of Soft and Living Materials",10.1002/adma.202414971,https://doi.org/10.1002/adma.202414971,https://advanced.onlinelibrary.wiley.com/doi/epdf/10.1002/adma.202414971,018_A_Low_Cost_Open_Source_3D_Printer_for_Multimaterial_and_High_Throughput_Direct_Ink_Writing_of_Soft_and_Living_Materials.pdf
105,Electrospinning (biofabrication) | Microfabrication/Electrospinning (biofabrication),A cost-effective and open-source near-field electrospinning system with a graphical user interface,10.1016/j.ohx.2025.e00691,https://doi.org/10.1016/j.ohx.2025.e00691,https://doi.org/10.1016/j.ohx.2025.e00691,105_A_cost_effective_and_open_source_near_field_electrospinning_system_with_a_graphical_user_interface.pdf
94,Liquid Handling,Adapting a Low-Cost and Open-Source Commercial Pipetting Robot for Nanoliter Liquid Handling,10.1177/2472630320973591,https://doi.org/10.1177/2472630320973591,https://doi.org/10.1177/2472630320973591,094_Adapting_a_Low_Cost_and_Open_Source_Commercial_Pipetting_Robot_for_Nanoliter_Liquid_Handling.pdf
75,Liquid Handling,An open-source programmable smart pipette for portable cell separation and counting,10.1039/c9ra08368e,https://doi.org/10.1039/c9ra08368e,https://doi.org/10.1039/c9ra08368e,075_An_open_source_programmable_smart_pipette_for_portable_cell_separation_and_counting.pdf
101,Liquid Handling,Analytical Measurements and Efficient Process Generation Using a Dual–Arm Robot Equipped with Electronic Pipettes,10.3390/en11102567,https://doi.org/10.3390/en11102567,https://doi.org/10.3390/en11102567,101_Analytical_Measurements_and_Efficient_Process_Generation_Using_a_Dual_Arm_Robot_Equipped_with_Electronic_Pipettes.pdf
64,Liquid Handling,Automated Liquid Handler from a 3D Printer,10.1021/acs.jchemed.3c00855,https://doi.org/10.1021/acs.jchemed.3c00855,https://doi.org/10.1021/acs.jchemed.3c00855,064_Automated_Liquid_Handler_from_a_3D_Printer.pdf
84,Liquid Handling,"BioCloneBot: A versatile, low-cost, and open-source automated liquid handler",10.1016/j.ohx.2024.e00516,https://doi.org/10.1016/j.ohx.2024.e00516,https://pmc.ncbi.nlm.nih.gov/articles/PMC10955647/,084_BioCloneBot_A_versatile_low_cost_and_open_source_automated_liquid_handler.pdf
66,Liquid Handling,Establishment of low-cost laboratory automation processes using AutoIt and 4-axis robots,10.1016/j.slast.2022.07.001,https://doi.org/10.1016/j.slast.2022.07.001,https://doi.org/10.1016/j.slast.2022.07.001,066_Establishment_of_low_cost_laboratory_automation_processes_using_AutoIt_and_4_axis_robots.pdf
70,Liquid Handling,"EvoBot: An Open-Source, Modular, Liquid Handling Robot for Scientific Experiments",10.3390/app10030814,https://doi.org/10.3390/app10030814,https://doi.org/10.3390/app10030814,070_EvoBot_An_Open_Source_Modular_Liquid_Handling_Robot_for_Scientific_Experiments.pdf
40,Liquid Handling,FINDUS: An Open-Source 3D Printable Liquid-Handling Workstation for Laboratory Automation in Life Sciences,10.1177/2472630319877374,https://doi.org/10.1177/2472630319877374,https://colab.ws/articles/10.1177/2472630319877374,040_FINDUS_An_Open_Source_3D_Printable_Liquid_Handling_Workstation_for_Laboratory_Automation_in_Life_Sciences.pdf
79,Liquid Handling,Leveraging flexible pipette-based tool changes to transform liquid handling systems into dual-function sample preparation and imaging platforms,10.1016/j.ohx.2025.e00653,https://doi.org/10.1016/j.ohx.2025.e00653,https://pmc.ncbi.nlm.nih.gov/articles/PMC12181777/,079_Leveraging_flexible_pipette_based_tool_changes_to_transform_liquid_handling_systems_into_dual_function_sample_preparatio.pdf
100,Liquid Handling,OpenLH: Open Liquid-Handling System for Creative Experimentation with Biology,10.1145/3294109.3295619,https://doi.org/10.1145/3294109.3295619,https://www.runi.ac.il/media/pp5bftyk/openlh.pdf,100_OpenLH_Open_Liquid_Handling_System_for_Creative_Experimentation_with_Biology.pdf
97,Liquid Handling,OpenWorkstation: A modular open-source technology for automated in vitro workflows,10.1016/j.ohx.2020.e00152,https://doi.org/10.1016/j.ohx.2020.e00152,https://eprints.qut.edu.au/206083/,097_OpenWorkstation_A_modular_open_source_technology_for_automated_in_vitro_workflows.pdf
88,Liquid Handling,"PyLabRobot: An open-source, hardware-agnostic interface for liquid-handling robots and accessories",10.1101/2023.07.10.547733,https://doi.org/10.1101/2023.07.10.547733,https://www.biorxiv.org/content/10.1101/2023.07.10.547733v1.full,088_PyLabRobot_An_open_source_hardware_agnostic_interface_for_liquid_handling_robots_and_accessories.pdf
93,Liquid Handling,Sidekick: A Low-Cost Open-Source 3D-printed liquid dispensing robot,10.1016/j.ohx.2022.e00319,https://doi.org/10.1016/j.ohx.2022.e00319,https://www.sciencedirect.com/science/article/pii/S2468067222000645,093_Sidekick_A_Low_Cost_Open_Source_3D_printed_liquid_dispensing_robot.pdf
46,Liquid Handling,Technical upgrade of an open-source liquid handler to support bacterial colony screening,10.3389/fbioe.2023.1202836,https://doi.org/10.3389/fbioe.2023.1202836,https://doi.org/10.3389/fbioe.2023.1202836,046_Technical_upgrade_of_an_open_source_liquid_handler_to_support_bacterial_colony_screening.pdf
32,Liquid Handling | Bioprinting,A high performance open-source syringe extruder optimized for extrusion and retraction during FRESH 3D bioprinting,10.1016/j.ohx.2020.e00170,https://doi.org/10.1016/j.ohx.2020.e00170,https://doi.org/10.1016/j.ohx.2020.e00170,032_A_high_performance_open_source_syringe_extruder_optimized_for_extrusion_and_retraction_during_FRESH_3D_bioprinting.pdf
44,Liquid Handling | Bioprinting,Design and Validation of an Open-Hardware Print-Head for Bioprinting Application,10.1016/j.proeng.2015.07.015,https://doi.org/10.1016/j.proeng.2015.07.015,https://www.sciencedirect.com/science/article/pii/S1877705815012564,044_Design_and_Validation_of_an_Open_Hardware_Print_Head_for_Bioprinting_Application.pdf
41,Liquid Handling | Bioprinting,Nydus One Syringe Extruder (NOSE): A Prusa i3 3D printer modification for laboratory automation and syringe-based extrusion,10.1016/j.ohx.2019.e00069,https://doi.org/10.1016/j.ohx.2019.e00069,https://www.hardware-x.com/article/S2468-0672(18)30087-7/fulltext,041_Nydus_One_Syringe_Extruder_NOSE_A_Prusa_i3_3D_printer_modification_for_laboratory_automation_and_syringe_based_extrusion.pdf
24,Liquid Handling | Bioprinting,The Enderstruder: An accessible open-source syringe extruder compatible with Ender series 3D printers,10.17605/osf.io/9arym,https://doi.org/10.17605/osf.io/9arym,https://pmc.ncbi.nlm.nih.gov/articles/PMC10847170/,024_The_Enderstruder_An_accessible_open_source_syringe_extruder_compatible_with_Ender_series_3D_printers.pdf
108,Microfabrication,"Homebrew photolithography for the rapid and low-cost,“Do It Yourself” prototyping of microfluidic devices",10.1021/acsomega.3c05544,https://doi.org/10.1021/acsomega.3c05544,https://pubs.acs.org/doi/10.1021/acsomega.3c05544,108_Homebrew_photolithography_for_the_rapid_and_low_cost_Do_It_Yourself_prototyping_of_microfluidic_devices.pdf
104,Microfabrication,Melt Electrowriting of Nylon‐12 Microfibers with an Open‐Source 3D Printer,10.1002/marc.202300424,https://doi.org/10.1002/marc.202300424,https://doi.org/10.1002/marc.202300424,104_Melt_Electrowriting_of_Nylon_12_Microfibers_with_an_Open_Source_3D_Printer.pdf
103,Microfluidics,3D Printing of Individualized Microfluidic Chips with DLP-Based Printer,10.3390/ma16216984,https://doi.org/10.3390/ma16216984,https://doi.org/10.3390/ma16216984,103_3D_Printing_of_Individualized_Microfluidic_Chips_with_DLP_Based_Printer.pdf
109,Microfluidics,Mask-free laser lithography for rapid and low-cost microfluidic device fabrication,10.1021/acs.analchem.8b03169,https://doi.org/10.1021/acs.analchem.8b03169,https://pubs.acs.org/doi/10.1021/acs.analchem.8b03169,109_Mask_free_laser_lithography_for_rapid_and_low_cost_microfluidic_device_fabrication.pdf
118,Microfluidics,Modular microfluidic systems cast from 3D-printed molds for imaging leukocyte adherence to differentially treated endothelial cultures,10.1038/s41598-019-47475-z,https://doi.org/10.1038/s41598-019-47475-z,https://doi.org/10.1038/s41598-019-47475-z,118_Modular_microfluidic_systems_cast_from_3D_printed_molds_for_imaging_leukocyte_adherence_to_differentially_treated_endoth.pdf
52,Microscopy & Imaging,Teach your microscope how to print: low-cost and rapid-iteration microfabrication for biology,10.1039/d5lc00181a,https://doi.org/10.1039/d5lc00181a,https://doi.org/10.1039/d5lc00181a,052_Teach_your_microscope_how_to_print_low_cost_and_rapid_iteration_microfabrication_for_biology.pdf
119,Organ-on-chip | Microfabrication/Organ-on-Chip,STARTER: a stand-alone reconfigurable and translational organ-on-chip platform based on modularity and open design principles,10.1039/d5lc00756a,https://doi.org/10.1039/d5lc00756a,https://pmc.ncbi.nlm.nih.gov/articles/PMC12834090/#sec2,119_STARTER_a_stand_alone_reconfigurable_and_translational_organ_on_chip_platform_based_on_modularity_and_open_design_princi.pdf
34,bioprinting,"Design and implementation of a low cost bio-printer modification, allowing for switching between plastic and gel extrusion",10.1016/j.ohx.2021.e00186,https://doi.org/10.1016/j.ohx.2021.e00186,https://doi.org/10.1016/j.ohx.2021.e00186,034_Design_and_implementation_of_a_low_cost_bio_printer_modification_allowing_for_switching_between_plastic_and_gel_extrusio.pdf
120,bioprinting,Development of a microfluidic-assisted open-source 3D bioprinting system (MOS3S) for the engineering of hierarchical tissues,10.1016/j.ohx.2024.e00527,https://doi.org/10.1016/j.ohx.2024.e00527,https://doi.org/10.1016/j.ohx.2024.e00527,120_Development_of_a_microfluidic_assisted_open_source_3D_bioprinting_system_MOS3S_for_the_engineering_of_hierarchical_tissu.pdf
29,bioprinting | Bioprinting,Designing cost-effective open-source multihead 3D bioprinters,10.1089/genbio.2022.0021,https://doi.org/10.1089/genbio.2022.0021,https://pmc.ncbi.nlm.nih.gov/articles/PMC9426752/,029_Designing_cost_effective_open_source_multihead_3D_bioprinters.pdf
