record_type,paper_slug,artifact_type,event_type,name,url,format,venue,evidence,notes
asset,003-a-cost-effective-and-open-source-near-field-electrospinning-system-with-a-graphical-user-interface,cad,,CAD for A cost-effective and open-source near-field electrospinning system with a graphical user interface,,CAD,,Design files are mentioned in the corpus evidence.,Explicit design-file mention is preserved even though the source URL is not recoverable from current metadata.
asset,026-design-of-an-open-source-low-cost-bioink-and-food-melt-extrusion-3d-printer,protocol,,"Protocol for Design of an Open-Source, Low-Cost Bioink and Food Melt Extrusion 3D Printer",https://www.jove.com/t/59834/design-an-open-source-low-cost-bioink-food-melt-extrusion-3d,Protocol,,JoVE protocol is explicitly linked from the corpus.,Curated from paper-level resource evidence.
event,027-design-of-multi-nozzle-bio-3d-printer-system-based-on-marlin-firmware,,conference,Advances in Mechanical Design (ICMD 2021) (Springer),https://link.springer.com/chapter/10.1007/978-981-19-8140-2_36,,Advances in Mechanical Design,Conference chapter context identified from the publication venue.,Curated to avoid generic event naming drift.
asset,030-development-and-implementation-of-a-significantly-low-cost-3d-bioprinter-using-recycled-scrap-material,cad,,CAD for Development and implementation of a significantly low-cost 3D bioprinter using recycled scrap material,https://www.frontiersin.org/journals/bioengineering-and-biotechnology/articles/10.3389/fbioe.2023.1108396/full,CAD,,CAD and design-file support are described in the article context.,Curated from article-level build evidence.
asset,030-development-and-implementation-of-a-significantly-low-cost-3d-bioprinter-using-recycled-scrap-material,schematics,,Schematics for Development and implementation of a significantly low-cost 3D bioprinter using recycled scrap material,https://www.frontiersin.org/journals/bioengineering-and-biotechnology/articles/10.3389/fbioe.2023.1108396/full,Schematics,,Schematics and electronics build details are described in the article context.,Curated from article-level build evidence.
event,057-openlh-open-liquid-handling-system-for-creative-experimentation-with-biology,,conference,CHI EA (ACM),https://dl.acm.org/doi/10.1145/3411763.3451673,,CHI EA (ACM),Extended abstracts conference context is explicit in the publication record.,Curated to keep the event layer specific and stable.
asset,060-principles-of-computer-controlled-linear-motion-applied-to-an-open-source-affordable-liquid-handler-for-automated-microp,cad,,CAD for Principles of computer-controlled linear motion applied to an open-source affordable liquid handler for automated micropipetting,https://openliquidhandler.com/,CAD,,OpenLH site and project resources imply explicit CAD support.,Curated project site target.
asset,060-principles-of-computer-controlled-linear-motion-applied-to-an-open-source-affordable-liquid-handler-for-automated-microp,software,,Software for Principles of computer-controlled linear motion applied to an open-source affordable liquid handler for automated micropipetting,https://openliquidhandler.com/,Software,,OpenLH site and project resources imply explicit software support.,Curated project site target.
asset,060-principles-of-computer-controlled-linear-motion-applied-to-an-open-source-affordable-liquid-handler-for-automated-microp,firmware,,Firmware for Principles of computer-controlled linear motion applied to an open-source affordable liquid handler for automated micropipetting,https://openliquidhandler.com/,Firmware,,OpenLH site and project resources imply explicit firmware support.,Curated project site target.
asset,064-sidekick-a-low-cost-open-source-3d-printed-liquid-dispensing-robot,cad,,CAD for Sidekick: A Low-Cost Open-Source 3D-printed liquid dispensing robot,https://www.sciencedirect.com/science/article/pii/S2468067222000645,CAD,,Design-file support is explicit in the Sidekick record.,Curated from article-linked build resources.
asset,064-sidekick-a-low-cost-open-source-3d-printed-liquid-dispensing-robot,bom,,BOM for Sidekick: A Low-Cost Open-Source 3D-printed liquid dispensing robot,https://www.sciencedirect.com/science/article/pii/S2468067222000645,BOM,,Bill of materials support is explicit in the Sidekick record.,Curated from article-linked build resources.
asset,064-sidekick-a-low-cost-open-source-3d-printed-liquid-dispensing-robot,pcb,,PCB for Sidekick: A Low-Cost Open-Source 3D-printed liquid dispensing robot,https://www.sciencedirect.com/science/article/pii/S2468067222000645,PCB,,PCB support is explicit in the Sidekick record.,Curated from article-linked build resources.
asset,064-sidekick-a-low-cost-open-source-3d-printed-liquid-dispensing-robot,firmware,,Firmware for Sidekick: A Low-Cost Open-Source 3D-printed liquid dispensing robot,https://www.sciencedirect.com/science/article/pii/S2468067222000645,Firmware,,Firmware support is explicit in the Sidekick record.,Curated from article-linked build resources.
asset,009-an-open-source-extrusion-bioprinter-based-on-the-e3d-motion-system-and-tool-changer-to-enable-fresh-and-multimaterial-bi,cad,,CAD for An open source extrusion bioprinter based on the E3D motion system and tool changer to enable FRESH and multimaterial bioprinting,https://static-content.springer.com/esm/art%3A10.1038%2Fs41598-021-00931-1/MediaObjects/41598_2021_931_MOESM2_ESM.zip,CAD,,"Published as supplementary information of the article (10.1038/s41598-021-00931-1); Printer components, STL and STEP files (Supplementary Data 2): 28 STL/STEP files for the syringe tools, enclosure and calibration mounts.","Held in pdfs/supplementary/009_Printer_components_STL_and_STEP_files. Link is the publisher's supplementary file itself (ACS: the supporting-information page), verified 2026-09-29; read 2026-09-29."
asset,009-an-open-source-extrusion-bioprinter-based-on-the-e3d-motion-system-and-tool-changer-to-enable-fresh-and-multimaterial-bi,bom,,BOM for An open source extrusion bioprinter based on the E3D motion system and tool changer to enable FRESH and multimaterial bioprinting,https://static-content.springer.com/esm/art%3A10.1038%2Fs41598-021-00931-1/MediaObjects/41598_2021_931_MOESM1_ESM.xlsx,BOM,,"Published as supplementary information of the article (10.1038/s41598-021-00931-1); Bill of materials (Supplementary Data 1, xlsx): parts with product names and supplier links, no prices.","Held in pdfs/supplementary/009_MOESM1_ESM.xlsx. Link is the publisher's supplementary file itself (ACS: the supporting-information page), verified 2026-09-29; read 2026-09-29."
asset,009-an-open-source-extrusion-bioprinter-based-on-the-e3d-motion-system-and-tool-changer-to-enable-fresh-and-multimaterial-bi,firmware,,Firmware for An open source extrusion bioprinter based on the E3D motion system and tool changer to enable FRESH and multimaterial bioprinting,https://static-content.springer.com/esm/art%3A10.1038%2Fs41598-021-00931-1/MediaObjects/41598_2021_931_MOESM3_ESM.zip,Firmware,,"Published as supplementary information of the article (10.1038/s41598-021-00931-1); Duet system files and macros (Supplementary Data 3): config.g, tool macros, Duet firmware binaries, Simplify3D profiles.","Held in pdfs/supplementary/009_Slicing_profiles_configuration_files_and_macros. Link is the publisher's supplementary file itself (ACS: the supporting-information page), verified 2026-09-29; read 2026-09-29."
asset,006-a-robot-assisted-acoustofluidic-end-effector,software,,Software for A robot-assisted acoustofluidic end effector,https://static-content.springer.com/esm/art%3A10.1038%2Fs41467-022-34167-y/MediaObjects/41467_2022_34167_MOESM16_ESM.pdf,Software,,Published as supplementary information of the article (10.1038/s41467-022-34167-y); Program code (Supplementary Data 16): Python control of the Dorna robotic arm.,"Held in pdfs/supplementary/006_MOESM16_ESM.pdf; no licence header. Link is the publisher's supplementary file itself (ACS: the supporting-information page), verified 2026-09-29; read 2026-09-29."
asset,044-the-biureactor-an-open-source-3d-tissue-research-platform,bom,,BOM for The ‘bIUreactor’: an open-source 3D tissue research platform,https://static-content.springer.com/esm/art%3A10.1007%2Fs10439-024-03481-5/MediaObjects/10439_2024_3481_MOESM5_ESM.pdf,BOM,,Published as supplementary information of the article (10.1007/s10439-024-03481-5); Parts list (Supplement 2) and itemised costs (Supplement 5).,"Held in pdfs/supplementary/044_MOESM2_ESM.pdf and 044_MOESM5_ESM.pdf. Link is the publisher's supplementary file itself (ACS: the supporting-information page), verified 2026-09-29; read 2026-09-29."
asset,044-the-biureactor-an-open-source-3d-tissue-research-platform,firmware,,Firmware for The ‘bIUreactor’: an open-source 3D tissue research platform,https://static-content.springer.com/esm/art%3A10.1007%2Fs10439-024-03481-5/MediaObjects/10439_2024_3481_MOESM3_ESM.pdf,Firmware,,Published as supplementary information of the article (10.1007/s10439-024-03481-5); Arduino motor-control code (Supplement 3).,"Held in pdfs/supplementary/044_MOESM3_ESM.pdf. Link is the publisher's supplementary file itself (ACS: the supporting-information page), verified 2026-09-29; read 2026-09-29."
asset,044-the-biureactor-an-open-source-3d-tissue-research-platform,documentation,,Documentation for The ‘bIUreactor’: an open-source 3D tissue research platform,https://static-content.springer.com/esm/art%3A10.1007%2Fs10439-024-03481-5/MediaObjects/10439_2024_3481_MOESM4_ESM.pdf,Documentation,,Published as supplementary information of the article (10.1007/s10439-024-03481-5); bIUreactor user manual (Supplement 4) and detailed methods with drawings (Supplement 2).,"Held in pdfs/supplementary/044_MOESM4_ESM.pdf. Link is the publisher's supplementary file itself (ACS: the supporting-information page), verified 2026-09-29; read 2026-09-29."
asset,048-lusobiomaker-a-low-cost-3d-bioprinter-with-multi-extrusion-and-contour-printing-capabilities-for-thermo-and-photocurable,bom,,BOM for LusoBioMaker: A low-cost 3D bioprinter with multi-extrusion and contour printing capabilities for thermo- and photocurable hydrogels towards complex tissue fabrication,https://ars.els-cdn.com/content/image/1-s2.0-S2405886625000417-mmc1.pdf,BOM,,"Published as supplementary information of the article (10.1016/j.bprint.2025.e00425); Bill of materials with unit and total costs (Supporting Information, total 735.56 EUR including the Ender-3 V2).","Held in pdfs/supplementary/048_mmc1.pdf. Link is the publisher's supplementary file itself (ACS: the supporting-information page), verified 2026-09-29; read 2026-09-29."
asset,054-automated-liquid-handler-from-a-3d-printer,cad,,CAD for Automated Liquid Handler from a 3D Printer,https://pubs.acs.org/doi/suppl/10.1021/acs.jchemed.3c00855,CAD,,"Published as supplementary information of the article (10.1021/acs.jchemed.3c00855); Six SolidWorks part files (si_002): pipette head, holder, button, complete head assembly.","Held in pdfs/supplementary/054_ed3c00855_si_002. Link is the publisher's supplementary file itself (ACS: the supporting-information page), verified 2026-09-29; read 2026-09-29."
asset,060-modular-microfluidic-systems-cast-from-3d-printed-molds-for-imaging-leukocyte-adherence-to-differentially-treated-endoth,cad,,CAD for Modular microfluidic systems cast from 3D-printed molds for imaging leukocyte adherence to differentially treated endothelial cultures,https://static-content.springer.com/esm/art%3A10.1038%2Fs41598-019-47475-z/MediaObjects/41598_2019_47475_MOESM5_ESM.zip,CAD,,"Published as supplementary information of the article (10.1038/s41598-019-47475-z); Barrier module, flow module and alignment guide as STEP and STL (Supplementary Data 5).","Held in pdfs/supplementary/060_MOESM5_ESM. Link is the publisher's supplementary file itself (ACS: the supporting-information page), verified 2026-09-29; read 2026-09-29."
