paper_title,verified_url,provenance,checked_on,note
A cost-effective and open-source near-field electrospinning system with a graphical user interface,https://doi.org/10.17605/OSF.IO/GK6PC,full text verified,2026-09-28,OSF deposit
"A Low-Cost, Open-Source 3D Printer for Multimaterial and High-Throughput Direct Ink Writing of Soft and Living Materials",https://github.com/weiss-jonathan/Printess-Low-Cost-3D-Printer,full text verified,2026-09-28,
A Versatile Open-Source Printhead for Low-Cost 3D Microextrusion-Based Bioprinting,https://3dprint.nih.gov/users/telab,full text verified,2026-09-28,NIH 3D Print Exchange deposit
An Open-Source 3D Bioprinter Using Direct Light Processing for Tissue Engineering Applications,https://osf.io/nzfer,full text verified,2026-09-28,OSF deposit
Commit: Digital pipette: open hardware for liquid transfer in self-driving laboratories,https://github.com/ac-rad/digital-pipette-v2,full text verified,2026-09-28,
Design and Validation of an Open-Hardware Print-Head for Bioprinting Application,https://github.com/CentroEPiaggio/IPJ-Bio,full text verified,2026-09-28,
"PyLabRobot: An open-source, hardware-agnostic interface for liquid-handling robots and accessories",https://github.com/PyLabRobot/pylabrobot,full text verified,2026-09-28,other GitHub links in this paper are dependencies (pytest mypy pylint) not the project
Sidekick: A Low-Cost Open-Source 3D-printed liquid dispensing robot,https://github.com/rodolfokeesey/Liquid-Handler,full text verified,2026-09-28,repository root; the text also cites subdirectories of it
BIO-SPEC: An open-source bench-top parallel bioreactor system,https://doi.org/10.17605/OSF.IO/39WSB,full text verified,2026-09-28,OSF deposit
Technical upgrade of an open-source liquid handler to support bacterial colony screening,https://github.com/sysbio-cnb,full text verified,2026-09-28,organisation page; the paper names no specific repository
Teach your microscope how to print: low-cost and rapid-iteration microfabrication for biology,https://github.com/hinderling/fabscope,full text verified,2026-09-28,other GitHub links in this paper are third-party analysis tools
"EvoBot: An Open-Source, Modular, Liquid Handling Robot for Scientific Experiments",https://bitbucket.org/afaina/evobliss-hardware,full text verified,2026-09-28,companion software repository at evobliss-software
3D bioprinting of collagen-based high-resolution internally perfusable scaffolds for engineering fully biologic tissue systems,https://doi.org/10.5281/zenodo.14975240,"availability statement, verified against Zenodo API",2026-09-29,Zenodo deposit; the statement also names 10.5281/zenodo.7135873 (Replistruder 5) and 3d.nih.gov/users/awfeinberg
A 3D-Printed Plate Handler for Automated Handling of Well Plates on the Opentrons OT-2,https://github.com/Robertbolt97/Claw-with-OT-2,"full text verified, GitHub API",2026-09-29,mirrored at 10.5281/zenodo.15394622
A high performance open-source syringe extruder optimized for extrusion and retraction during FRESH 3D bioprinting,https://doi.org/10.5281/zenodo.4119127,"full text verified, Zenodo API",2026-09-29,"Zenodo deposit, Replistruder 4 CAD/STL"
Designing cost-effective open-source multihead 3D bioprinters,https://doi.org/10.17632/9rwbkf5p4g.1,"availability statement, verified against Mendeley Data",2026-09-29,"Mendeley Data deposit, all design and data files"
Development of a high-performance open-source 3D bioprinter,https://doi.org/10.5281/zenodo.7496012,"availability statement, verified against Zenodo API",2026-09-29,Zenodo deposit for the FlashForge Finder conversion; the extruder is 10.5281/zenodo.4119127 (record 004)
"Low-cost, versatile, and highly reproducible microfabrication pipeline to generate 3D-printed customised cell culture devices with complex designs",https://github.com/SerioLab/SOL3D,"full text verified, GitHub API",2026-09-29,
Nydus One Syringe Extruder (NOSE): A Prusa i3 3D printer conversion for bioprinting applications,https://osf.io/8c9qr,"full text verified, OSF API",2026-09-29,OSF registration; software also at github.com/NydusOne/gcode-composer (MIT)
Open-source cell culture automation system with integrated cell counting for passaging microplate cultures,https://github.com/czbiohub-sf/2024-accs-pub,"full text verified, GitHub API",2026-09-29,
OpenLH: Open Liquid-Handling System for Creative Experimentation with Biology,https://www.instructables.com/OpenLH/,"full text verified, HTTP 200",2026-09-29,Instructables build guide
STARTER: a stand-alone reconfigurable and translational organ-on-chip platform based on modularity and open design principles,https://github.com/TOP-OoC/Starter-Kit,"availability statement, verified against GitHub API",2026-09-29,
Development of a microfluidic-assisted open-source 3D bioprinting system (MOS3S) for the engineering of hierarchical tissues,https://doi.org/10.17632/s8bpwp2ryb.1,"HardwareX specifications table, verified against Mendeley Data",2026-09-29,Mendeley Data deposit named in the specifications table and the design-file tables (GPLv3)
Leveraging flexible pipette-based tool changes to transform liquid handling systems into dual-function sample preparation and imaging platforms,https://doi.org/10.17632/xc5488grcv.3,"HardwareX specifications table, verified against Mendeley Data",2026-09-29,Mendeley Data deposit; OSHWA certification CA000060
"Open-source, community-driven microfluidics with Metafluidics",https://metafluidics.org/,"full text verified, HTTP 200",2026-09-29,The paper's contribution is the Metafluidics repository site itself; it is still online
