index,title,doi,open_access,oa_status,source,url,file,status,message
11,LusoBioMaker: A low-cost 3D bioprinter with multi-extrusion and contour printing capabilities for thermo- and photocurable hydrogels towards complex tissue fabrication,10.1016/j.bprint.2025.e00425,True,hybrid,manual,,/Users/iyakavets/Documents/Github/dyi-biofabrication/pdfs/011_LusoBioMaker_A_low-cost_3D_bioprinter_with_multi-extrusion_and_contour_printing_capabilities_for_thermo-_and_photocurable_hydrogels_towards_complex_tissue_.pdf,downloaded,manual PDF moved into pdfs
16,Srishti: a custom-built laser-assisted 3D bioprinter for fabricating high-resolution biological constructs,10.1186/s44330-025-00051-6,True,hybrid,csv_oa_pdf_url,https://link.springer.com/content/pdf/10.1186/s44330-025-00051-6.pdf,/Users/iyakavets/Documents/DYI perspective/downloaded_papers/016_Srishti_a_custom-built_laser-assisted_3D_bioprinter_for_fabricating_high-resolution_biological_constructs.pdf,downloaded,already downloaded; bytes=4092821
17,3D bioprinting of collagen-based high-resolution internally perfusable scaffolds for engineering fully biologic tissue systems,10.1126/sciadv.adu5905,True,gold,manual,https://doi.org/10.1126/sciadv.adu5905,/Users/iyakavets/Documents/Github/dyi-biofabrication/pdfs/001_3D_bioprinting_of_collagen-based_high-resolution_internally_perfusable_scaffolds_for_engineering_fully_biologic_tissue_systems.pdf,downloaded,manual PDF moved into pdfs
18,"A Low‐Cost, Open‐Source 3D Printer for Multimaterial and High‐Throughput Direct Ink Writing of Soft and Living Materials",10.1002/adma.202414971,True,hybrid,manual,https://doi.org/10.1002/adma.202414971,/Users/iyakavets/Documents/Github/dyi-biofabrication/pdfs/008_A_Low-Cost_Open-Source_3D_Printer_for_Multimaterial_and_High-Throughput_Direct_Ink_Writing_of_Soft_and_Living_Materials.pdf,downloaded,manual PDF moved into pdfs
19,An Open-Source 3D Bioprinter Using Direct Light Processing for Tissue Engineering Applications,10.3390/inventions10050092,True,gold,csv_oa_pdf_url,https://mdpi-res.com/d_attachment/inventions/inventions-10-00092/article_deploy/inventions-10-00092.pdf?version=1760702695,/Users/iyakavets/Documents/DYI perspective/downloaded_papers/019_An_Open-Source_3D_Bioprinter_Using_Direct_Light_Processing_for_Tissue_Engineering_Applications.pdf,downloaded,ok; bytes=26776604; final_url=https://mdpi-res.com/d_attachment/inventions/inventions-10-00092/article_deploy/inventions-10-00092.pdf?version=1760702695
21,Design and Validation of a Piston-Driven Syringe-Extrusion Bioprinter Using an FDM Frame,10.3390/biomimetics10120811,True,gold,csv_oa_pdf_url,https://mdpi-res.com/d_attachment/biomimetics/biomimetics-10-00811/article_deploy/biomimetics-10-00811.pdf?version=1764827135,/Users/iyakavets/Documents/DYI perspective/downloaded_papers/021_Design_and_Validation_of_a_Piston-Driven_Syringe-Extrusion_Bioprinter_Using_an_FDM_Frame.pdf,downloaded,ok; bytes=6954828; final_url=https://mdpi-res.com/d_attachment/biomimetics/biomimetics-10-00811/article_deploy/biomimetics-10-00811.pdf?version=1764827135
22,Fabrication and validation of an affordable DIY coaxial 3D extrusion bioprinter,10.1038/s41598-025-06478-9,True,gold,csv_oa_pdf_url,https://www.nature.com/articles/s41598-025-06478-9.pdf,/Users/iyakavets/Documents/DYI perspective/downloaded_papers/022_Fabrication_and_validation_of_an_affordable_DIY_coaxial_3D_extrusion_bioprinter.pdf,downloaded,already downloaded; bytes=2884341
23,Extrusion-Based Bioprinting in a Cost-Effective Bioprinter,10.3390/machines12080518,True,gold,csv_oa_pdf_url,https://mdpi-res.com/d_attachment/machines/machines-12-00518/article_deploy/machines-12-00518.pdf?version=1722331777,/Users/iyakavets/Documents/DYI perspective/downloaded_papers/023_Extrusion-Based_Bioprinting_in_a_Cost-Effective_Bioprinter.pdf,downloaded,ok; bytes=9926775; final_url=https://mdpi-res.com/d_attachment/machines/machines-12-00518/article_deploy/machines-12-00518.pdf?version=1722331777
24,The Enderstruder: An accessible open-source syringe extruder compatible with Ender series 3D printers,10.1016/j.ohx.2024.e00510,True,gold,manual,http://www.hardware-x.com/article/S246806722400004X/pdf,/Users/iyakavets/Documents/Github/dyi-biofabrication/pdfs/070_The_Enderstruder_An_accessible_open-source_syringe_extruder_compatible_with_Ender_series_3D_printers.pdf,downloaded,manual PDF moved into pdfs
25,Design and Implementation of an Accessible 3D Bioprinter: Benchmarking the Performance of a Home-Made Bioprinter against a Professional Bioprinter,10.3390/app131810213,True,gold,csv_oa_pdf_url,https://mdpi-res.com/d_attachment/applsci/applsci-13-10213/article_deploy/applsci-13-10213.pdf?version=1694488075,/Users/iyakavets/Documents/DYI perspective/downloaded_papers/025_Design_and_Implementation_of_an_Accessible_3D_Bioprinter_Benchmarking_the_Performance_of_a_Home-Made_Bioprinte.pdf,downloaded,ok; bytes=2980066; final_url=https://mdpi-res.com/d_attachment/applsci/applsci-13-10213/article_deploy/applsci-13-10213.pdf?version=1694488075
26,Development and implementation of a significantly low-cost 3D bioprinter using recycled scrap material,10.3389/fbioe.2023.1108396,True,gold,csv_oa_pdf_url,https://www.frontiersin.org/articles/10.3389/fbioe.2023.1108396/pdf,/Users/iyakavets/Documents/DYI perspective/downloaded_papers/026_Development_and_implementation_of_a_significantly_low-cost_3D_bioprinter_using_recycled_scrap_material.pdf,downloaded,already downloaded; bytes=6358710
29,Designing Cost-Effective Open-Source Multihead 3D Bioprinters,10.1089/genbio.2022.0021,True,green,manual,https://www.ncbi.nlm.nih.gov/pmc/articles/9426752,/Users/iyakavets/Documents/Github/dyi-biofabrication/pdfs/028_Designing_cost-effective_open-source_multihead_3D_bioprinters.pdf,downloaded,manual PDF moved into pdfs
31,Development of a high-performance open-source 3D bioprinter,10.1038/s41598-022-26809-4,True,gold,csv_oa_pdf_url,https://www.nature.com/articles/s41598-022-26809-4.pdf,/Users/iyakavets/Documents/DYI perspective/downloaded_papers/031_Development_of_a_high-performance_open-source_3D_bioprinter.pdf,downloaded,already downloaded; bytes=2098184
32,A high performance open-source syringe extruder optimized for extrusion and retraction during FRESH 3D bioprinting,10.1016/j.ohx.2020.e00170,True,gold,manual,http://www.hardware-x.com/article/S2468067220300791/pdf,/Users/iyakavets/Documents/Github/dyi-biofabrication/pdfs/006_A_high_performance_open-source_syringe_extruder_optimized_for_extrusion_and_retraction_during_FRESH_3D_bioprinting.pdf,downloaded,manual PDF moved into pdfs
33,An open source extrusion bioprinter based on the E3D motion system and tool changer to enable FRESH and multimaterial bioprinting,10.1038/s41598-021-00931-1,True,gold,csv_oa_pdf_url,https://www.nature.com/articles/s41598-021-00931-1.pdf,/Users/iyakavets/Documents/DYI perspective/downloaded_papers/033_An_open_source_extrusion_bioprinter_based_on_the_E3D_motion_system_and_tool_changer_to_enable_FRESH_and_multim.pdf,downloaded,already downloaded; bytes=2204034
34,"Design and implementation of a low cost bio-printer modification, allowing for switching between plastic and gel extrusion",10.1016/j.ohx.2021.e00186,True,gold,manual,https://doi.org/10.1016/j.ohx.2021.e00186,/Users/iyakavets/Documents/Github/dyi-biofabrication/pdfs/022_Design_and_implementation_of_a_low_cost_bio-printer_modification_allowing_for_switching_between_plastic_and_gel_extrusion.pdf,downloaded,manual PDF moved into pdfs
36,Open-source hybrid 3D-bioprinter for simultaneous printing of thermoplastics and hydrogels,10.1016/j.ohx.2021.e00230,True,gold,manual,https://doi.org/10.1016/j.ohx.2021.e00230,/Users/iyakavets/Documents/Github/dyi-biofabrication/pdfs/051_Open-source_hybrid_3D-bioprinter_for_simultaneous_printing_of_thermoplastics_and_hydrogels.pdf,downloaded,manual PDF moved into pdfs
38,A Versatile Open-Source Printhead for Low-Cost 3D Microextrusion-Based Bioprinting,10.3390/polym12102346,True,gold,csv_oa_pdf_url,https://mdpi-res.com/d_attachment/polymers/polymers-12-02346/article_deploy/polymers-12-02346.pdf,/Users/iyakavets/Documents/DYI perspective/downloaded_papers/038_A_Versatile_Open-Source_Printhead_for_Low-Cost_3D_Microextrusion-Based_Bioprinting.pdf,downloaded,ok; bytes=2297617; final_url=https://mdpi-res.com/d_attachment/polymers/polymers-12-02346/article_deploy/polymers-12-02346.pdf
39,"Design of an Open-Source, Low-Cost Bioink and Food Melt Extrusion 3D Printer",10.3791/59834,False,closed,existing_pdfs,,/Users/iyakavets/Documents/Github/dyi-biofabrication/pdfs/026_Design_of_an_Open-Source__Low-Cost_Bioink_and_Food_Melt_Extrusion_3D_Printer.pdf,downloaded,existing PDF found in pdfs
40,FINDUS: An Open-Source 3D Printable Liquid-Handling Workstation for Laboratory Automation in Life Sciences,10.1177/2472630319877374,True,hybrid,manual,http://slas-technology.org/article/S2472630322010251/pdf,/Users/iyakavets/Documents/Github/dyi-biofabrication/pdfs/039_FINDUS_An_Open-Source_3D_Printable_Liquid-Handling_Workstation_for_Laboratory_Automation_in_Life_Sciences.pdf,downloaded,manual PDF moved into pdfs
41,Nydus One Syringe Extruder (NOSE): A Prusa i3 3D printer conversion for bioprinting applications utilizing the FRESH-method,10.1016/j.ohx.2019.e00069,True,gold,manual,https://doi.org/10.1016/j.ohx.2019.e00069,/Users/iyakavets/Documents/Github/dyi-biofabrication/pdfs/049_Nydus_One_Syringe_Extruder_NOSE_A_Prusa_i3_3D_printer_modification_for_laboratory_automation_and_syringe-based_extrusion.pdf,downloaded,manual PDF moved into pdfs
44,Design and Validation of an Open-Hardware Print-Head for Bioprinting Application,10.1016/j.proeng.2015.07.015,True,diamond,manual,https://doi.org/10.1016/j.proeng.2015.07.015,/Users/iyakavets/Documents/Github/dyi-biofabrication/pdfs/025_Design_and_Validation_of_an_Open-Hardware_Print-Head_for_Bioprinting_Application.pdf,downloaded,manual PDF moved into pdfs
45,BIO-SPEC: An open-source bench-top parallel bioreactor system,10.1016/j.ohx.2025.e00670,True,gold,manual,https://www.hardware-x.com/article/S2468-0672(25)00048-3/pdf,/Users/iyakavets/Documents/Github/dyi-biofabrication/pdfs/045_BIO-SPEC_An_open-source_bench-top_parallel_bioreactor_system.pdf,downloaded,manual PDF moved into pdfs
46,Technical upgrade of an open-source liquid handler to support bacterial colony screening,10.3389/fbioe.2023.1202836,True,gold,csv_oa_pdf_url,https://www.frontiersin.org/articles/10.3389/fbioe.2023.1202836/pdf,/Users/iyakavets/Documents/DYI perspective/downloaded_papers/046_Technical_upgrade_of_an_open-source_liquid_handler_to_support_bacterial_colony_screening.pdf,downloaded,already downloaded; bytes=3174998
47,Enhanced Growth of Bacterial Cells in a Smart 3D Printed Bioreactor,10.3390/mi14101829,True,gold,csv_oa_pdf_url,https://mdpi-res.com/d_attachment/micromachines/micromachines-14-01829/article_deploy/micromachines-14-01829.pdf?version=1695702068,/Users/iyakavets/Documents/DYI perspective/downloaded_papers/047_Enhanced_Growth_of_Bacterial_Cells_in_a_Smart_3D_Printed_Bioreactor.pdf,downloaded,ok; bytes=3817250; final_url=https://mdpi-res.com/d_attachment/micromachines/micromachines-14-01829/article_deploy/micromachines-14-01829.pdf?version=1695702068
49,A Custom Ultra-Low-Cost 3D Bioprinter Supports Cell Growth and Differentiation,10.3389/fbioe.2020.580889,True,gold,csv_oa_pdf_url,https://www.frontiersin.org/articles/10.3389/fbioe.2020.580889/pdf,/Users/iyakavets/Documents/DYI perspective/downloaded_papers/049_A_Custom_Ultra-Low-Cost_3D_Bioprinter_Supports_Cell_Growth_and_Differentiation.pdf,downloaded,already downloaded; bytes=3782553
51,The ‘bIUreactor’: An Open-Source 3D Tissue Research Platform,10.1007/s10439-024-03481-5,True,hybrid,csv_oa_pdf_url,https://link.springer.com/content/pdf/10.1007/s10439-024-03481-5.pdf,/Users/iyakavets/Documents/DYI perspective/downloaded_papers/051_The_bIUreactor_An_Open-Source_3D_Tissue_Research_Platform.pdf,downloaded,already downloaded; bytes=3695506
52,Teach your microscope how to print: low-cost and rapid-iteration microfabrication for biology,10.1039/d5lc00181a,True,hybrid,manual,https://pubs.rsc.org/en/content/articlepdf/2025/lc/d5lc00181a,/Users/iyakavets/Documents/Github/dyi-biofabrication/pdfs/052_Teach_your_microscope_how_to_print_low-cost_and_rapid-iteration_microfabrication_for_biology.pdf,downloaded,manual PDF moved into pdfs
64,Automated Liquid Handler from a 3D Printer,10.1021/acs.jchemed.3c00855,True,bronze,manual,https://pubs.acs.org/doi/pdf/10.1021/acs.jchemed.3c00855,/Users/iyakavets/Documents/Github/dyi-biofabrication/pdfs/064_Automated_Liquid_Handler_from_a_3D_Printer.pdf,downloaded,manual PDF moved into pdfs
66,Establishment of low-cost laboratory automation processes using AutoIt and 4-axis robots,10.1016/j.slast.2022.07.001,True,diamond,manual,http://slas-technology.org/article/S2472630322051640/pdf,/Users/iyakavets/Documents/Github/dyi-biofabrication/pdfs/066_Establishment_of_low-cost_laboratory_automation_processes_using_AutoIt_and_4-axis_robots.pdf,downloaded,manual PDF moved into pdfs
70,"EvoBot: An Open-Source, Modular, Liquid Handling Robot for Scientific Experiments",10.3390/app10030814,True,gold,csv_oa_pdf_url,https://mdpi-res.com/d_attachment/applsci/applsci-10-00814/article_deploy/applsci-10-00814.pdf?version=1581510382,/Users/iyakavets/Documents/DYI perspective/downloaded_papers/070_EvoBot_An_Open-Source_Modular_Liquid_Handling_Robot_for_Scientific_Experiments.pdf,downloaded,ok; bytes=3260708; final_url=https://mdpi-res.com/d_attachment/applsci/applsci-10-00814/article_deploy/applsci-10-00814.pdf?version=1581510382
75,An open-source programmable smart pipette for portable cell separation and counting,10.1039/c9ra08368e,True,gold,manual,https://pubs.rsc.org/en/content/articlepdf/2019/ra/c9ra08368e,/Users/iyakavets/Documents/Github/dyi-biofabrication/pdfs/075_An_open-source_programmable_smart_pipette_for_portable_cell_separation_and_counting.pdf,downloaded,manual PDF moved into pdfs
76,Commit: Digital pipette: open hardware for liquid transfer in self-driving laboratories,10.1039/d5dd00336a,True,diamond,manual,https://pubs.rsc.org/en/content/articlepdf/2025/dd/d5dd00336a,/Users/iyakavets/Documents/Github/dyi-biofabrication/pdfs/076_Commit_Digital_pipette_open_hardware_for_liquid_transfer_in_self-driving_laboratories.pdf,downloaded,manual PDF moved into pdfs
78,A 3D-Printed Plate Handler for Automated Handling of Well Plates on the Opentrons OT-2,10.5206/joh.v9i1.22756,True,gold,csv_oa_pdf_url,https://ojs.lib.uwo.ca/index.php/openhardware/article/download/22756/17813,/Users/iyakavets/Documents/DYI perspective/downloaded_papers/078_A_3D-Printed_Plate_Handler_for_Automated_Handling_of_Well_Plates_on_the_Opentrons_OT-2.pdf,downloaded,already downloaded; bytes=674437
79,Leveraging flexible pipette-based tool changes to transform liquid handling systems into dual-function sample preparation and imaging platforms,10.1016/j.ohx.2025.e00653,True,gold,manual,https://www.hardware-x.com/article/S2468-0672(25)00031-8/pdf,/Users/iyakavets/Documents/Github/dyi-biofabrication/pdfs/079_Leveraging_flexible_pipette-based_tool_changes_to_transform_liquid_handling_systems_into_dual-function_sample_preparation_and_imaging_platforms.pdf,downloaded,manual PDF moved into pdfs
81,Open-source cell culture automation system with integrated cell counting for passaging microplate cultures,10.1093/pnasnexus/pgaf385,True,gold,manual,https://doi.org/10.1093/pnasnexus/pgaf385,/Users/iyakavets/Documents/Github/dyi-biofabrication/pdfs/081_Open-source_cell_culture_automation_system_with_integrated_cell_counting_for_passaging_microplate_cultures.pdf,downloaded,manual PDF moved into pdfs
82,Real-time AI-driven quality control for laboratory automation: a novel computer vision solution for the opentrons OT-2 liquid handling robot,10.1007/s10489-025-06334-3,True,hybrid,csv_oa_pdf_url,https://link.springer.com/content/pdf/10.1007/s10489-025-06334-3.pdf,/Users/iyakavets/Documents/DYI perspective/downloaded_papers/082_Real-time_AI-driven_quality_control_for_laboratory_automation_a_novel_computer_vision_solution_for_the_opentro.pdf,downloaded,already downloaded; bytes=1972160
84,"BioCloneBot: A versatile, low-cost, and open-source automated liquid handler",10.1016/j.ohx.2024.e00516,True,gold,manual,http://www.hardware-x.com/article/S2468067224000105/pdf,/Users/iyakavets/Documents/Github/dyi-biofabrication/pdfs/084_BioCloneBot_A_versatile_low-cost_and_open-source_automated_liquid_handler.pdf,downloaded,manual PDF moved into pdfs
88,"PyLabRobot: An open-source, hardware-agnostic interface for liquid-handling robots and accessories",10.1016/j.device.2023.100111,True,bronze,manual,http://www.cell.com/article/S2666998623001709/pdf,/Users/iyakavets/Documents/Github/dyi-biofabrication/pdfs/088_PyLabRobot_An_open-source_hardware-agnostic_interface_for_liquid-handling_robots_and_accessories.pdf,downloaded,manual PDF moved into pdfs
91,A robot-assisted acoustofluidic end effector,10.1038/s41467-022-34167-y,True,gold,csv_oa_pdf_url,https://www.nature.com/articles/s41467-022-34167-y.pdf,/Users/iyakavets/Documents/DYI perspective/downloaded_papers/091_A_robot-assisted_acoustofluidic_end_effector.pdf,downloaded,already downloaded; bytes=6257069
92,Open-source personal pipetting robots with live-cell incubation and microscopy compatibility,10.1038/s41467-022-30643-7,True,gold,csv_oa_pdf_url,https://www.nature.com/articles/s41467-022-30643-7.pdf,/Users/iyakavets/Documents/DYI perspective/downloaded_papers/092_Open-source_personal_pipetting_robots_with_live-cell_incubation_and_microscopy_compatibility.pdf,downloaded,already downloaded; bytes=2270305
93,Sidekick: A Low-Cost Open-Source 3D-printed liquid dispensing robot,10.1016/j.ohx.2022.e00319,True,gold,manual,http://www.hardware-x.com/article/S2468067222000645/pdf,/Users/iyakavets/Documents/Github/dyi-biofabrication/pdfs/093_Sidekick_A_Low-Cost_Open-Source_3D-printed_liquid_dispensing_robot.pdf,downloaded,manual PDF moved into pdfs
94,Adapting a Low-Cost and Open-Source Commercial Pipetting Robot for Nanoliter Liquid Handling,10.1177/2472630320973591,True,hybrid,manual,http://slas-technology.org/article/S2472630322011086/pdf,/Users/iyakavets/Documents/Github/dyi-biofabrication/pdfs/094_Adapting_a_Low-Cost_and_Open-Source_Commercial_Pipetting_Robot_for_Nanoliter_Liquid_Handling.pdf,downloaded,manual PDF moved into pdfs
97,OpenWorkstation: A modular open-source technology for automated in vitro workflows,10.1016/j.ohx.2020.e00152,True,gold,manual,http://www.hardware-x.com/article/S2468067220300614/pdf,/Users/iyakavets/Documents/Github/dyi-biofabrication/pdfs/097_OpenWorkstation_A_modular_open-source_technology_for_automated_in_vitro_workflows.pdf,downloaded,manual PDF moved into pdfs
98,Principles of computer-controlled linear motion applied to an open-source affordable liquid handler for automated micropipetting,10.1038/s41598-020-70465-5,True,gold,csv_oa_pdf_url,https://www.nature.com/articles/s41598-020-70465-5.pdf,/Users/iyakavets/Documents/DYI perspective/downloaded_papers/098_Principles_of_computer-controlled_linear_motion_applied_to_an_open-source_affordable_liquid_handler_for_automa.pdf,downloaded,already downloaded; bytes=2825640
100,OpenLH,10.1145/3294109.3295619,False,closed,manual,,/Users/iyakavets/Documents/Github/dyi-biofabrication/pdfs/100_OpenLH.pdf,downloaded,manual PDF moved into pdfs
101,Analytical Measurements and Efficient Process Generation Using a Dual–Arm Robot Equipped with Electronic Pipettes,10.3390/en11102567,True,gold,csv_oa_pdf_url,https://mdpi-res.com/d_attachment/energies/energies-11-02567/article_deploy/energies-11-02567.pdf?version=1537959387,/Users/iyakavets/Documents/DYI perspective/downloaded_papers/101_Analytical_Measurements_and_Efficient_Process_Generation_Using_a_DualArm_Robot_Equipped_with_Electronic_Pipett.pdf,downloaded,ok; bytes=6061294; final_url=https://mdpi-res.com/d_attachment/energies/energies-11-02567/article_deploy/energies-11-02567.pdf?version=1537959387
103,3D Printing of Individualized Microfluidic Chips with DLP-Based Printer,10.3390/ma16216984,True,gold,csv_oa_pdf_url,https://mdpi-res.com/d_attachment/materials/materials-16-06984/article_deploy/materials-16-06984.pdf?version=1698759326,/Users/iyakavets/Documents/DYI perspective/downloaded_papers/103_3D_Printing_of_Individualized_Microfluidic_Chips_with_DLP-Based_Printer.pdf,downloaded,ok; bytes=10781587; final_url=https://mdpi-res.com/d_attachment/materials/materials-16-06984/article_deploy/materials-16-06984.pdf?version=1698759326
104,Melt Electrowriting of Nylon‐12 Microfibers with an Open‐Source 3D Printer,10.1002/marc.202300424,False,closed,manual,,/Users/iyakavets/Documents/Github/dyi-biofabrication/pdfs/104_Melt_Electrowriting_of_Nylon_12_Microfibers_with_an_Open_Source_3D_Printer.pdf,downloaded,manual PDF moved into pdfs
105,A cost-effective and open-source near-field electrospinning system with a graphical user interface,10.1016/j.ohx.2025.e00691,True,gold,manual,https://doi.org/10.1016/j.ohx.2025.e00691,/Users/iyakavets/Documents/Github/dyi-biofabrication/pdfs/105_A_cost-effective_and_open-source_near-field_electrospinning_system_with_a_graphical_user_interface.pdf,downloaded,manual PDF moved into pdfs
106,"Low-cost, versatile, and highly reproducible microfabrication pipeline to generate 3D-printed customised cell culture devices with complex designs",10.1371/journal.pbio.3002503,True,gold,csv_oa_pdf_url,https://journals.plos.org/plosbiology/article/file?id=10.1371/journal.pbio.3002503&type=printable,/Users/iyakavets/Documents/DYI perspective/downloaded_papers/106_Low-cost_versatile_and_highly_reproducible_microfabrication_pipeline_to_generate_3D-printed_customised_cell_cu.pdf,downloaded,already downloaded; bytes=5654452
107,mSLAb – An open-source masked stereolithography (mSLA) bioprinter,10.1016/j.ohx.2024.e00543,True,gold,manual,https://doi.org/10.1016/j.ohx.2024.e00543,/Users/iyakavets/Documents/Github/dyi-biofabrication/pdfs/107_mSLAb_An_open-source_masked_stereolithography_mSLA_bioprinter.pdf,downloaded,manual PDF moved into pdfs
108,"Homebrew Photolithography for the Rapid and Low-Cost, “Do It Yourself” Prototyping of Microfluidic Devices",10.1021/acsomega.3c05544,True,gold,manual,https://pubs.acs.org/doi/pdf/10.1021/acsomega.3c05544,/Users/iyakavets/Documents/Github/dyi-biofabrication/pdfs/108_Homebrew_Photolithography_for_the_Rapid_and_Low-Cost_Do_It_Yourself_Prototyping_of_Microfluidic_Devices.pdf,downloaded,manual PDF moved into pdfs
109,Mask-Free Laser Lithography for Rapid and Low-Cost Microfluidic Device Fabrication,10.1021/acs.analchem.8b03169,True,green,manual,https://dspace.lboro.ac.uk/2134/36851,/Users/iyakavets/Documents/Github/dyi-biofabrication/pdfs/109_Mask-Free_Laser_Lithography_for_Rapid_and_Low-Cost_Microfluidic_Device_Fabrication.pdf,downloaded,manual PDF moved into pdfs
110,A simple method of fabricating mask-free microfluidic devices for biological analysis,10.1063/1.3487796,True,bronze,manual,https://aip.scitation.org/doi/pdf/10.1063/1.3487796,/Users/iyakavets/Documents/Github/dyi-biofabrication/pdfs/110_A_simple_method_of_fabricating_mask-free_microfluidic_devices_for_biological_analysis.pdf,downloaded,manual PDF moved into pdfs
118,Modular microfluidic systems cast from 3D-printed molds for imaging leukocyte adherence to differentially treated endothelial cultures,10.1038/s41598-019-47475-z,True,gold,csv_oa_pdf_url,https://www.nature.com/articles/s41598-019-47475-z.pdf,/Users/iyakavets/Documents/DYI perspective/downloaded_papers/118_Modular_microfluidic_systems_cast_from_3D-printed_molds_for_imaging_leukocyte_adherence_to_differentially_trea.pdf,downloaded,already downloaded; bytes=1716433
119,STARTER: a stand-alone reconfigurable and translational organ-on-chip platform based on modularity and open design principles,10.1039/d5lc00756a,True,hybrid,manual,https://pubs.rsc.org/en/content/articlepdf/2026/lc/d5lc00756a,/Users/iyakavets/Documents/Github/dyi-biofabrication/pdfs/119_STARTER_a_stand-alone_reconfigurable_and_translational_organ-on-chip_platform_based_on_modularity_and_open_design_principles.pdf,downloaded,manual PDF moved into pdfs
120,Development of a microfluidic-assisted open-source 3D bioprinting system (MOS3S) for the engineering of hierarchical tissues,10.17632/s8bpwp2ryb.1,True,green,manual,https://doi.org/10.17632/s8bpwp2ryb.1,/Users/iyakavets/Documents/Github/dyi-biofabrication/pdfs/120_Development_of_a_microfluidic-assisted_open-source_3D_bioprinting_system_MOS3S_for_the_engineering_of_hierarchical_tissues.pdf,downloaded,manual PDF moved into pdfs
121,"Open-source, community-driven microfluidics with Metafluidics",10.1038/nbt.3873,True,hybrid,csv_oa_pdf_url,https://www.nature.com/articles/nbt.3873.pdf,/Users/iyakavets/Documents/DYI perspective/downloaded_papers/121_Open-source_community-driven_microfluidics_with_Metafluidics.pdf,downloaded,already downloaded; bytes=1543983
