paper_title,doi,pdf_available_any,selected_pdf_source,selected_pdf_url,download_status,local_pdf_path
3D bioprinting of collagen-based high-resolution internally perfusable scaffolds for engineering fully biologic tissue systems,10.1126/sciadv.adu5905,yes,manual,https://doi.org/10.1126/sciadv.adu5905,downloaded,pdfs/017_3D_bioprinting_of_collagen_based_high_resolution_internally_perfusable_scaffolds_for_engineering_fully_biologic_tissue_s.pdf
A 3D-Printed Plate Handler for Automated Handling of Well Plates on the Opentrons OT-2,10.5206/joh.v9i1.22756,yes,openalex_pdf_url,https://ojs.lib.uwo.ca/index.php/openhardware/article/download/22756/17813,downloaded,pdfs/002_A_3D-Printed_Plate_Handler_for_Automated_Handling_of_Well_Plates_on_the_Opentrons_OT-2.pdf
A cost-effective and open-source near-field electrospinning system with a graphical user interface,,yes,manual,https://doi.org/10.1016/j.ohx.2025.e00691,downloaded,pdfs/105_A_cost_effective_and_open_source_near_field_electrospinning_system_with_a_graphical_user_interface.pdf
A high performance open-source syringe extruder optimized for extrusion and retraction during FRESH 3D bioprinting,,yes,manual,http://www.hardware-x.com/article/S2468067220300791/pdf,downloaded,pdfs/032_A_high_performance_open_source_syringe_extruder_optimized_for_extrusion_and_retraction_during_FRESH_3D_bioprinting.pdf
"A Low-Cost, Open-Source 3D Printer for Multimaterial and High-Throughput Direct Ink Writing of Soft and Living Materials",10.1002/adma.202414971,yes,manual,https://advanced.onlinelibrary.wiley.com/doi/pdf/10.1002/adma.202414971,downloaded,pdfs/018_A_Low_Cost_Open_Source_3D_Printer_for_Multimaterial_and_High_Throughput_Direct_Ink_Writing_of_Soft_and_Living_Materials.pdf
A robot-assisted acoustofluidic end effector,10.1038/s41467-022-34167-y,yes,semantic_scholar,https://www.nature.com/articles/s41467-022-34167-y.pdf,downloaded,pdfs/009_A_robot-assisted_acoustofluidic_end_effector.pdf
A simple method of fabricating mask-free microfluidic devices for biological analysis,,yes,manual,https://europepmc.org/articles/pmc2948042?pdf=render,downloaded,pdfs/110_A_simple_method_of_fabricating_mask-free_microfluidic_devices_for_biological_analysis.pdf
A Versatile Open-Source Printhead for Low-Cost 3D Microextrusion-Based Bioprinting,,yes,openalex_pdf_url,https://www.mdpi.com/2073-4360/12/10/2346/pdf,downloaded,pdfs/038_A_Versatile_Open_Source_Printhead_for_Low_Cost_3D_Microextrusion_Based_Bioprinting.pdf
An open source extrusion bioprinter based on the E3D motion system and tool changer to enable FRESH and multimaterial bioprinting,,yes,semantic_scholar,https://www.nature.com/articles/s41598-021-00931-1.pdf,downloaded,pdfs/013_An_open_source_extrusion_bioprinter_based_on_the_E3D_motion_system_and_tool_changer_to_enable_FRESH_and_multimaterial_bioprinting.pdf
An Open-Source 3D Bioprinter Using Direct Light Processing for Tissue Engineering Applications,10.3390/inventions10050092,yes,openalex_pdf_url,https://www.mdpi.com/2411-5134/10/5/92/pdf?version=1760702695,downloaded,pdfs/019_An_Open_Source_3D_Bioprinter_Using_Direct_Light_Processing_for_Tissue_Engineering_Applications.pdf
Analytical Measurements and Efficient Process Generation Using a Dual–Arm Robot Equipped with Electronic Pipettes,10.3390/en11102567,yes,openalex_pdf_url,https://www.mdpi.com/1996-1073/11/10/2567/pdf?version=1537959387,downloaded,pdfs/101_Analytical_Measurements_and_Efficient_Process_Generation_Using_a_Dual_Arm_Robot_Equipped_with_Electronic_Pipettes.pdf
"BioCloneBot: A versatile, low-cost, and open-source automated liquid handler",10.1016/j.ohx.2024.e00516,yes,manual,https://doi.org/10.1016/j.ohx.2024.e00516,downloaded,pdfs/084_BioCloneBot_A_versatile_low_cost_and_open_source_automated_liquid_handler.pdf
Commit: Digital pipette: open hardware for liquid transfer in self-driving laboratories,10.1039/d5dd00336a,yes,manual,https://pubs.rsc.org/en/content/articlepdf/2025/dd/d5dd00336a,downloaded,pdfs/122_Commit_Digital_pipette_open_hardware_for_liquid_transfer_in_self-driving_laboratories.pdf
"Design and implementation of a low cost bio-printer modification, allowing for switching between plastic and gel extrusion",,yes,manual,http://www.hardware-x.com/article/S2468067221000158/pdf,downloaded,pdfs/034_Design_and_implementation_of_a_low_cost_bio_printer_modification_allowing_for_switching_between_plastic_and_gel_extrusio.pdf
Design and Implementation of an Accessible 3D Bioprinter: Benchmarking the Performance of a Home-Made Bioprinter against a Professional Bioprinter,,yes,openalex_pdf_url,https://www.mdpi.com/2076-3417/13/18/10213/pdf?version=1694488075,downloaded,pdfs/025_Design_and_Implementation_of_an_Accessible_3D_Bioprinter_Benchmarking_the_Performance_of_a_Home_Made_Bioprinter_against_.pdf
Design and Validation of a Piston-Driven Syringe-Extrusion Bioprinter Using an FDM Frame,,yes,openalex_pdf_url,https://www.mdpi.com/2313-7673/10/12/811/pdf?version=1764827135,downloaded,pdfs/021_Design_and_Validation_of_a_Piston_Driven_Syringe_Extrusion_Bioprinter_Using_an_FDM_Frame.pdf
Design and Validation of an Open-Hardware Print-Head for Bioprinting Application,10.1016/j.proeng.2015.07.015,yes,manual,https://doi.org/10.1016/j.proeng.2015.07.015,downloaded,pdfs/044_Design_and_Validation_of_an_Open_Hardware_Print_Head_for_Bioprinting_Application.pdf
"Design of an Open-Source, Low-Cost Bioink and Food Melt Extrusion 3D Printer",10.3791/59834,yes,semantic_scholar_pdf_url,https://eprints.qut.edu.au/129047/11/129047.pdf,downloaded,pdfs/026_Design_of_an_Open-Source__Low-Cost_Bioink_and_Food_Melt_Extrusion_3D_Printer.pdf
Designing cost-effective open-source multihead 3D bioprinters,,yes,manual,https://www.ncbi.nlm.nih.gov/pmc/articles/PMC9426752,downloaded,pdfs/028_Designing_cost-effective_open-source_multihead_3D_bioprinters.pdf
Development and implementation of a significantly low-cost 3D bioprinter using recycled scrap material,10.3389/fbioe.2023.1108396 | 10.3389/fbioe.2023.1108396/full,no,openalex_pdf_url,https://www.frontiersin.org/articles/10.3389/fbioe.2023.1108396/pdf,downloaded,pdfs/030_Development_and_implementation_of_a_significantly_low-cost_3D_bioprinter_using_recycled_scrap_material.pdf
Development of a high-performance open-source 3D bioprinter,10.1038/s41598-022-26809-4,yes,semantic_scholar,https://www.nature.com/articles/s41598-022-26809-4.pdf,downloaded,pdfs/031_Development_of_a_high-performance_open-source_3D_bioprinter.pdf
Development of a microfluidic-assisted open-source 3D bioprinting system (MOS3S) for the engineering of hierarchical tissues,,yes,manual,https://doi.org/10.1016/j.ohx.2024.e00527,downloaded,pdfs/120_Development_of_a_microfluidic_assisted_open_source_3D_bioprinting_system_MOS3S_for_the_engineering_of_hierarchical_tissu.pdf
Extrusion-Based Bioprinting in a Cost-Effective Bioprinter,,yes,openalex_pdf_url,https://www.mdpi.com/2075-1702/12/8/518/pdf?version=1722331777,downloaded,pdfs/023_Extrusion_Based_Bioprinting_in_a_Cost_Effective_Bioprinter.pdf
Fabrication and validation of an affordable DIY coaxial 3D extrusion bioprinter,10.1038/s41598-025-06478-9,yes,crossref,https://www.nature.com/articles/s41598-025-06478-9.pdf,downloaded,pdfs/038_Fabrication_and_validation_of_an_affordable_DIY_coaxial_3D_extrusion_bioprinter.pdf
FINDUS: An Open-Source 3D Printable Liquid-Handling Workstation for Laboratory Automation in Life Sciences,10.1177/2472630319877374,yes,manual,http://journals.sagepub.com/doi/pdf/10.1177/2472630319877374,downloaded,pdfs/040_FINDUS_An_Open_Source_3D_Printable_Liquid_Handling_Workstation_for_Laboratory_Automation_in_Life_Sciences.pdf
"Homebrew photolithography for the rapid and low-cost,“Do It Yourself” prototyping of microfluidic devices",10.1021/acsomega.3c05544,yes,semantic_scholar_pdf_url,https://doi.org/10.1021/acsomega.3c05544,downloaded,pdfs/108_Homebrew_photolithography_for_the_rapid_and_low_cost_Do_It_Yourself_prototyping_of_microfluidic_devices.pdf
Leveraging flexible pipette-based tool changes to transform liquid handling systems into dual-function sample preparation and imaging platforms,10.1016/j.ohx.2025.e00653,yes,manual,https://doi.org/10.1016/j.ohx.2025.e00653,downloaded,pdfs/079_Leveraging_flexible_pipette_based_tool_changes_to_transform_liquid_handling_systems_into_dual_function_sample_preparatio.pdf
"Low-cost, versatile, and highly reproducible microfabrication pipeline to generate 3D-printed customised cell culture devices with complex designs",,yes,semantic_scholar,https://journals.plos.org/plosbiology/article/file?id=10.1371/journal.pbio.3002503&type=printable,downloaded,pdfs/045_Low-cost_versatile_and_highly_reproducible_microfabrication_pipeline_to_generate_3D-printed_customised_cell_culture_devices_with_complex_des.pdf
Mask-free laser lithography for rapid and low-cost microfluidic device fabrication,10.1021/acs.analchem.8b03169,yes,manual,https://figshare.com/articles/journal_contribution/Mask-free_laser_lithography_for_rapid_and_low-cost_microfluidic_device_fabrication/9240560/1/files/16823048.pdf,downloaded,pdfs/109_Mask_free_laser_lithography_for_rapid_and_low_cost_microfluidic_device_fabrication.pdf
Nydus One Syringe Extruder (NOSE): A Prusa i3 3D printer modification for laboratory automation and syringe-based extrusion,10.1016/j.ohx.2019.e00069,yes,manual,http://www.hardware-x.com/article/S2468067218300877/pdf,downloaded,pdfs/041_Nydus_One_Syringe_Extruder_NOSE_A_Prusa_i3_3D_printer_modification_for_laboratory_automation_and_syringe_based_extrusion.pdf
Open-source cell culture automation system with integrated cell counting for passaging microplate cultures,10.1101/2024.12.27.629034,yes,manual,https://www.biorxiv.org/content/biorxiv/early/2024/12/27/2024.12.27.629034.full.pdf,downloaded,pdfs/081_Open-source_cell_culture_automation_system_with_integrated_cell_counting_for_passaging_microplate_cultures.pdf
Open-source hybrid 3D-bioprinter for simultaneous printing of thermoplastics and hydrogels,10.1016/j.ohx.2021.e00230,yes,manual,https://www.ncbi.nlm.nih.gov/pmc/articles/PMC9123455,downloaded,pdfs/036_Open_source_hybrid_3D_bioprinter_for_simultaneous_printing_of_thermoplastics_and_hydrogels.pdf
Open-source personal pipetting robots with live-cell incubation and microscopy compatibility,10.1038/s41467-022-30643-7,yes,semantic_scholar,https://www.nature.com/articles/s41467-022-30643-7.pdf,downloaded,pdfs/052_Open-source_personal_pipetting_robots_with_live-cell_incubation_and_microscopy_compatibility.pdf
"Open-source, community-driven microfluidics with Metafluidics",,yes,semantic_scholar,https://www.nature.com/articles/nbt.3873.pdf,downloaded,pdfs/056_Open-source_community-driven_microfluidics_with_Metafluidics.pdf
OpenLH: Open Liquid-Handling System for Creative Experimentation with Biology,10.1145/3294109.3295619,yes,,,downloaded,pdfs/100_OpenLH_Open_Liquid_Handling_System_for_Creative_Experimentation_with_Biology.pdf
OpenWorkstation: A modular open-source technology for automated in vitro workflows,10.1016/j.ohx.2020.e00152,yes,manual,https://doi.org/10.1016/j.ohx.2020.e00152,downloaded,pdfs/097_OpenWorkstation_A_modular_open_source_technology_for_automated_in_vitro_workflows.pdf
Principles of computer-controlled linear motion applied to an open-source affordable liquid handler for automated micropipetting,10.1038/s41598-020-70465-5,yes,semantic_scholar,https://www.nature.com/articles/s41598-020-70465-5.pdf,downloaded,pdfs/060_Principles_of_computer-controlled_linear_motion_applied_to_an_open-source_affordable_liquid_handler_for_automated_micropipetting.pdf
"PyLabRobot: An open-source, hardware-agnostic interface for liquid-handling robots and accessories",10.1101/2023.07.10.547733 | 10.1016/j.device.2023.100111,yes,manual,https://www.biorxiv.org/content/biorxiv/early/2023/07/15/2023.07.10.547733.full.pdf,downloaded,pdfs/088_PyLabRobot_An_open_source_hardware_agnostic_interface_for_liquid_handling_robots_and_accessories.pdf
Real-time AI-driven quality control for laboratory automation: a novel computer vision solution for the opentrons OT-2 liquid handling robot,10.1007/s10489-025-06334-3,yes,openalex_pdf_url,https://link.springer.com/content/pdf/10.1007/s10489-025-06334-3.pdf,downloaded,pdfs/062_Real-time_AI-driven_quality_control_for_laboratory_automation__a_novel_computer_vision_solution_for_the_opentrons_OT-2_liquid_handling_robot.pdf
Sidekick: A Low-Cost Open-Source 3D-printed liquid dispensing robot,,yes,manual,http://www.hardware-x.com/article/S2468067222000645/pdf,downloaded,pdfs/093_Sidekick_A_Low_Cost_Open_Source_3D_printed_liquid_dispensing_robot.pdf
Srishti: a custom-built laser-assisted 3D bioprinter for fabricating high-resolution biological constructs,10.1186/s44330-025-00051-6,yes,crossref,https://link.springer.com/content/pdf/10.1186/s44330-025-00051-6.pdf,downloaded,pdfs/067_Srishti_a_custom-built_laser-assisted_3D_bioprinter_for_fabricating_high-resolution_biological_constructs.pdf
STARTER: a stand-alone reconfigurable and translational organ-on-chip platform based on modularity and open design principles,,yes,manual,https://pubs.rsc.org/en/content/articlepdf/2026/lc/d5lc00756a,downloaded,pdfs/119_STARTER_a_stand_alone_reconfigurable_and_translational_organ_on_chip_platform_based_on_modularity_and_open_design_princi.pdf
The Enderstruder: An accessible open-source syringe extruder compatible with Ender series 3D printers,10.17605/osf.io/9arym,yes,manual,https://doi.org/10.17605/osf.io/9arym,downloaded,pdfs/070_The_Enderstruder_An_accessible_open-source_syringe_extruder_compatible_with_Ender_series_3D_printers.pdf
The ‘bIUreactor’: an open-source 3D tissue research platform,10.1007/s10439-024-03481-5,yes,semantic_scholar,https://link.springer.com/content/pdf/10.1007/s10439-024-03481-5.pdf,downloaded,pdfs/071_The_bIUreactor_an_open-source_3D_tissue_research_platform.pdf
Hydrogel Patterns in Microfluidic Devices by Do-It-Yourself UV-Photolithography Suitable for Very Large-Scale Integration,10.3390/mi11050479,yes,manual,https://doi.org/10.3390/mi11050479,downloaded,pdfs/121_Hydrogel_Patterns_in_Microfluidic_Devices_by_Do-It-Yourself_UV-Photolithography_Suitable_for_Very_Large-Scale_Integration.pdf
A desktop multi-material 3D bio-printing system with open-source hardware and software,10.1007/s12541-017-0072-x,yes,crossref_pdf_url,http://link.springer.com/content/pdf/10.1007/s12541-017-0072-x.pdf,downloaded,pdfs/123_A_desktop_multi_material_3D_bio_printing_system_with_open_source_hardware_and_software.pdf
Adapting a Low-Cost and Open-Source Commercial Liquid Handling Robot for High Throughput Screening,,yes,crossref_pdf_url,http://journals.sagepub.com/doi/pdf/10.1177/2472630320973591,http_403,
Design of Multi-nozzle Bio-3D Printer System Based on Marlin Firmware,10.1007/978-981-16-7381-8_103,yes,,,downloaded,pdfs/124_Design_of_Multi_nozzle_Bio_3D_Printer_System_Based_on_Marlin_Firmware.pdf
Development of a High-Performance Open-Source 3D Bioprinter (preprint),10.1101/2022.09.11.507416,no,openalex_pdf_url,https://www.biorxiv.org/content/biorxiv/early/2022/09/13/2022.09.11.507416.full.pdf,http_403,
Development of a Microfluidic Open Source 3D bioprinting System (MOS3S) for the engineering of hierarchical tissues,10.17632/s8bpwp2ryb.1,no,openalex_pdf_url,https://doi.org/10.17632/s8bpwp2ryb.1,unexpected_content_type:text/html; charset=utf-8,
Large volume syringe pump extruder for desktop 3D printers,,yes,openalex_pdf_url,https://doi.org/10.1016/j.ohx.2018.02.001,downloaded,pdfs/125_Large_volume_syringe_pump_extruder_for_desktop_3D_printers.pdf
Low-cost near-field electrospinning (NFES) system,,no,openalex_pdf_url,https://www.mdpi.com/2073-4360/13/7/1097/pdf?version=1617938211,http_403,
Microextrusion-based bioprinting printhead,,yes,openalex_pdf_url,https://www.mdpi.com/2073-4360/12/10/2346/pdf,http_403,
mSLAb–An open-source masked stereolithography (mSLA) bioprinter,,yes,semantic_scholar_pdf_url,https://www.ncbi.nlm.nih.gov/pmc/articles/PMC11234000,downloaded,pdfs/107_mSLAb_An_open_source_masked_stereolithography_mSLA_bioprinter.pdf
Replistruder 4,,no,openalex_pdf_url,http://www.hardware-x.com/article/S2468067220300791/pdf,http_403,
Systematic design of an advanced open-source 3D bioprinter for extrusion and electrohydrodynamic-based processes,10.1007/s00170-021-06634-1,yes,crossref_pdf_url,http://link.springer.com/content/pdf/10.1007/s00170-021-06634-1.pdf,downloaded,pdfs/126_Systematic_design_of_an_advanced_open_source_3D_bioprinter_for_extrusion_and_electrohydrodynamic_based_processes.pdf
LusoBioMaker: A low-cost 3D bioprinter with multi-extrusion and contour printing capabilities for thermo- and photocurable hydrogels towards complex tissue fabrication,10.1016/j.bprint.2025.e00425,yes,download_manifest,https://doi.org/10.1016/j.bprint.2025.e00425,downloaded,pdfs/011_LusoBioMaker_A_low_cost_3D_bioprinter_with_multi_extrusion_and_contour_printing_capabilities_for_thermo_and_photocurable.pdf
BIO-SPEC: An open-source bench-top parallel bioreactor system,10.1016/j.ohx.2025.e00670,yes,download_manifest,https://www.hardware-x.com/article/S2468-0672(25)00048-3/pdf,downloaded,pdfs/045_BIO_SPEC_An_open_source_bench_top_parallel_bioreactor_system.pdf
Technical upgrade of an open-source liquid handler to support bacterial colony screening,10.3389/fbioe.2023.1202836,yes,download_manifest,https://www.frontiersin.org/articles/10.3389/fbioe.2023.1202836/pdf,downloaded,pdfs/046_Technical_upgrade_of_an_open_source_liquid_handler_to_support_bacterial_colony_screening.pdf
Enhanced Growth of Bacterial Cells in a Smart 3D Printed Bioreactor,10.3390/mi14101829,yes,download_manifest,https://mdpi-res.com/d_attachment/micromachines/micromachines-14-01829/article_deploy/micromachines-14-01829.pdf?version=1695702068,downloaded,pdfs/047_Enhanced_Growth_of_Bacterial_Cells_in_a_Smart_3D_Printed_Bioreactor.pdf
A Custom Ultra-Low-Cost 3D Bioprinter Supports Cell Growth and Differentiation,10.3389/fbioe.2020.580889,yes,download_manifest,https://www.frontiersin.org/articles/10.3389/fbioe.2020.580889/pdf,downloaded,pdfs/049_A_Custom_Ultra_Low_Cost_3D_Bioprinter_Supports_Cell_Growth_and_Differentiation.pdf
Teach your microscope how to print: low-cost and rapid-iteration microfabrication for biology,10.1039/d5lc00181a,yes,download_manifest,https://pubs.rsc.org/en/content/articlepdf/2025/lc/d5lc00181a,downloaded,pdfs/052_Teach_your_microscope_how_to_print_low_cost_and_rapid_iteration_microfabrication_for_biology.pdf
Automated Liquid Handler from a 3D Printer,10.1021/acs.jchemed.3c00855,yes,download_manifest,https://pubs.acs.org/doi/pdf/10.1021/acs.jchemed.3c00855,downloaded,pdfs/064_Automated_Liquid_Handler_from_a_3D_Printer.pdf
Establishment of low-cost laboratory automation processes using AutoIt and 4-axis robots,10.1016/j.slast.2022.07.001,yes,download_manifest,http://slas-technology.org/article/S2472630322051640/pdf,downloaded,pdfs/066_Establishment_of_low_cost_laboratory_automation_processes_using_AutoIt_and_4_axis_robots.pdf
"EvoBot: An Open-Source, Modular, Liquid Handling Robot for Scientific Experiments",10.3390/app10030814,yes,download_manifest,https://mdpi-res.com/d_attachment/applsci/applsci-10-00814/article_deploy/applsci-10-00814.pdf?version=1581510382,downloaded,pdfs/070_EvoBot_An_Open_Source_Modular_Liquid_Handling_Robot_for_Scientific_Experiments.pdf
An open-source programmable smart pipette for portable cell separation and counting,10.1039/c9ra08368e,yes,download_manifest,https://pubs.rsc.org/en/content/articlepdf/2019/ra/c9ra08368e,downloaded,pdfs/075_An_open_source_programmable_smart_pipette_for_portable_cell_separation_and_counting.pdf
Adapting a Low-Cost and Open-Source Commercial Pipetting Robot for Nanoliter Liquid Handling,10.1177/2472630320973591,yes,download_manifest,http://slas-technology.org/article/S2472630322011086/pdf,downloaded,pdfs/094_Adapting_a_Low_Cost_and_Open_Source_Commercial_Pipetting_Robot_for_Nanoliter_Liquid_Handling.pdf
3D Printing of Individualized Microfluidic Chips with DLP-Based Printer,10.3390/ma16216984,yes,download_manifest,https://mdpi-res.com/d_attachment/materials/materials-16-06984/article_deploy/materials-16-06984.pdf?version=1698759326,downloaded,pdfs/103_3D_Printing_of_Individualized_Microfluidic_Chips_with_DLP_Based_Printer.pdf
Melt Electrowriting of Nylon‐12 Microfibers with an Open‐Source 3D Printer,10.1002/marc.202300424,yes,download_manifest,https://doi.org/10.1002/marc.202300424,downloaded,pdfs/104_Melt_Electrowriting_of_Nylon_12_Microfibers_with_an_Open_Source_3D_Printer.pdf
Modular microfluidic systems cast from 3D-printed molds for imaging leukocyte adherence to differentially treated endothelial cultures,10.1038/s41598-019-47475-z,yes,download_manifest,https://www.nature.com/articles/s41598-019-47475-z.pdf,downloaded,pdfs/118_Modular_microfluidic_systems_cast_from_3D_printed_molds_for_imaging_leukocyte_adherence_to_differentially_treated_endoth.pdf
