paper,source_file,item,notes,quantity,unit_cost,line_price,currency,supplier,part_number,link
OpenWorkstation A modular open source technology for automated in vitro workflows3,097_OpenWorkstation_A_modular_open_source_technology_for_automated_in_vitro_workflows_supplementary3.xlsx,Raspberry Pi 3 Model B+,,1,35,35,USD,"Adafruit Industries (NY, USA)",3775,
OpenWorkstation A modular open source technology for automated in vitro workflows3,097_OpenWorkstation_A_modular_open_source_technology_for_automated_in_vitro_workflows_supplementary3.xlsx,Raspberry Pi Power Supply,,1,7.5,7.5,USD,"Adafruit Industries (NY, USA)",1995,
OpenWorkstation A modular open source technology for automated in vitro workflows3,097_OpenWorkstation_A_modular_open_source_technology_for_automated_in_vitro_workflows_supplementary3.xlsx,MicroSD card with NOOBS,,1,9.95,9.95,USD,"Adafruit Industries (NY, USA)",,
OpenWorkstation A modular open source technology for automated in vitro workflows3,097_OpenWorkstation_A_modular_open_source_technology_for_automated_in_vitro_workflows_supplementary3.xlsx,Arduino Mega,,1,38.95,38.95,USD,"SparkFun Electronics, Inc (CO, USA)",,
OpenWorkstation A modular open source technology for automated in vitro workflows3,097_OpenWorkstation_A_modular_open_source_technology_for_automated_in_vitro_workflows_supplementary3.xlsx,MOSFET-FQP30N06L,,2,0.95,1.9,USD,"SparkFun Electronics, Inc (CO, USA)",,
OpenWorkstation A modular open source technology for automated in vitro workflows3,097_OpenWorkstation_A_modular_open_source_technology_for_automated_in_vitro_workflows_supplementary3.xlsx,"breadboard, 170 pin (max 5A rating)",,2,1.53,3.06,USD,"Newark element14 (IL, USA)",71Y9231,
OpenWorkstation A modular open source technology for automated in vitro workflows3,097_OpenWorkstation_A_modular_open_source_technology_for_automated_in_vitro_workflows_supplementary3.xlsx,"Smoothieboard, 5XC-R, version1.1, voltage reg 1A",,1,189,189,USD,"Uberclock, LL (OR, USA)",,
OpenWorkstation A modular open source technology for automated in vitro workflows3,097_OpenWorkstation_A_modular_open_source_technology_for_automated_in_vitro_workflows_supplementary3.xlsx,"fan, 80mm, 12V",,2,11.39,22.78,USD,"Newark element14 (IL, USA)",,
OpenWorkstation A modular open source technology for automated in vitro workflows3,097_OpenWorkstation_A_modular_open_source_technology_for_automated_in_vitro_workflows_supplementary3.xlsx,fan guard for 80x80mm fan,,4,1.07,4.28,USD,"Newark element14 (IL, USA)",,
OpenWorkstation A modular open source technology for automated in vitro workflows3,097_OpenWorkstation_A_modular_open_source_technology_for_automated_in_vitro_workflows_supplementary3.xlsx,power supply 12V/29A (Meanwell) set,,1,59.99,59.99,USD,"OpenBuilds (NJ, USA)",,
OpenWorkstation A modular open source technology for automated in vitro workflows3,097_OpenWorkstation_A_modular_open_source_technology_for_automated_in_vitro_workflows_supplementary3.xlsx,"2-core cable, screened, 0.5mm(2), 50m",,1,26.9,26.9,USD,"Newark element14 (IL, USA)",,
OpenWorkstation A modular open source technology for automated in vitro workflows3,097_OpenWorkstation_A_modular_open_source_technology_for_automated_in_vitro_workflows_supplementary3.xlsx,"4-core cable, screened, 0.5mm(2), 50m",,1,50.6,50.6,USD,"Newark element14 (IL, USA)",,
OpenWorkstation A modular open source technology for automated in vitro workflows3,097_OpenWorkstation_A_modular_open_source_technology_for_automated_in_vitro_workflows_supplementary3.xlsx,xtension connectors 2pin,,6,1.49,8.94,USD,"OpenBuilds (NJ, USA)",,
OpenWorkstation A modular open source technology for automated in vitro workflows3,097_OpenWorkstation_A_modular_open_source_technology_for_automated_in_vitro_workflows_supplementary3.xlsx,xtension connectors 4pin,,5,3.49,17.450000000000003,USD,"OpenBuilds (NJ, USA)",,
OpenWorkstation A modular open source technology for automated in vitro workflows3,097_OpenWorkstation_A_modular_open_source_technology_for_automated_in_vitro_workflows_supplementary3.xlsx,ASTARIGLAS-GP-10mm-black,,,,0,USD,"Mulford Plastics PTY LTD (QLD, Australia)",,
OpenWorkstation A modular open source technology for automated in vitro workflows3,097_OpenWorkstation_A_modular_open_source_technology_for_automated_in_vitro_workflows_supplementary3.xlsx,ASTARIGLAS-GP-10mm-white,,,,0,USD,"Mulford Plastics PTY LTD (QLD, Australia)",,
OpenWorkstation A modular open source technology for automated in vitro workflows3,097_OpenWorkstation_A_modular_open_source_technology_for_automated_in_vitro_workflows_supplementary3.xlsx,ASTARIGLAS-GP-6mm-white,,,,0,USD,"Mulford Plastics PTY LTD (QLD, Australia)",,
OpenWorkstation A modular open source technology for automated in vitro workflows3,097_OpenWorkstation_A_modular_open_source_technology_for_automated_in_vitro_workflows_supplementary3.xlsx,profile 30x30 (slot 8mm),,,10.5,50.82,USD,"GAP Engineering PTY LTD (QLD, Australia)",,
OpenWorkstation A modular open source technology for automated in vitro workflows3,097_OpenWorkstation_A_modular_open_source_technology_for_automated_in_vitro_workflows_supplementary3.xlsx,drag chain cable carrier: 1m,,3,,47.97,USD,"OpenBuilds (NJ, USA)",,
OpenWorkstation A modular open source technology for automated in vitro workflows3,097_OpenWorkstation_A_modular_open_source_technology_for_automated_in_vitro_workflows_supplementary3.xlsx,cable drag chain mounting bracket,,6,,22,USD,,,
OpenWorkstation A modular open source technology for automated in vitro workflows3,097_OpenWorkstation_A_modular_open_source_technology_for_automated_in_vitro_workflows_supplementary3.xlsx,1000mm C-Beam® XLarge Linear Actuator Bundle (w NEMA23),,1,,215.99,USD,"OpenBuilds (NJ, USA)",,
OpenWorkstation A modular open source technology for automated in vitro workflows3,097_OpenWorkstation_A_modular_open_source_technology_for_automated_in_vitro_workflows_supplementary3.xlsx,Xtension Limit Switch Kit,,1,,4.99,USD,"OpenBuilds (NJ, USA)",,
OpenWorkstation A modular open source technology for automated in vitro workflows3,097_OpenWorkstation_A_modular_open_source_technology_for_automated_in_vitro_workflows_supplementary3.xlsx,tee nuts - M5,,,,,USD,,,
OpenWorkstation A modular open source technology for automated in vitro workflows3,097_OpenWorkstation_A_modular_open_source_technology_for_automated_in_vitro_workflows_supplementary3.xlsx,drag chain cable carrier (10 x 15mm): 1m,,4,,63.96,USD,"OpenBuilds (NJ, USA)",,
OpenWorkstation A modular open source technology for automated in vitro workflows3,097_OpenWorkstation_A_modular_open_source_technology_for_automated_in_vitro_workflows_supplementary3.xlsx,OT-1,,1,,4000,USD,,,
OpenWorkstation A modular open source technology for automated in vitro workflows3,097_OpenWorkstation_A_modular_open_source_technology_for_automated_in_vitro_workflows_supplementary3.xlsx,Waterproof DS18B20 Digital temperature sensor,,2,,19.9,USD,,,
OpenWorkstation A modular open source technology for automated in vitro workflows3,097_OpenWorkstation_A_modular_open_source_technology_for_automated_in_vitro_workflows_supplementary3.xlsx,"peltier thermo-electric cooler module (12V, 5A)",,4,,47.8,USD,,,
OpenWorkstation A modular open source technology for automated in vitro workflows3,097_OpenWorkstation_A_modular_open_source_technology_for_automated_in_vitro_workflows_supplementary3.xlsx,500mm C-Beam® Linear Actuator Bundle (w NEMA23),,1,,144.99,USD,"OpenBuilds (NJ, USA)",,
OpenWorkstation A modular open source technology for automated in vitro workflows3,097_OpenWorkstation_A_modular_open_source_technology_for_automated_in_vitro_workflows_supplementary3.xlsx,250mm C-Beam® Linear Actuator Bundle (w NEMA23),,1,,126.99,USD,"OpenBuilds (NJ, USA)",,
OpenWorkstation A modular open source technology for automated in vitro workflows3,097_OpenWorkstation_A_modular_open_source_technology_for_automated_in_vitro_workflows_supplementary3.xlsx,Xtension Limit Switch Kit,,2,,9.98,USD,"OpenBuilds (NJ, USA)",,
OpenWorkstation A modular open source technology for automated in vitro workflows3,097_OpenWorkstation_A_modular_open_source_technology_for_automated_in_vitro_workflows_supplementary3.xlsx,profile 30x30 (slot 8mm),,,10.5,44.73,USD,"GAP Engineering PTY LTD (QLD, Australia)",,
OpenWorkstation A modular open source technology for automated in vitro workflows3,097_OpenWorkstation_A_modular_open_source_technology_for_automated_in_vitro_workflows_supplementary3.xlsx,profile 20x20 (V slot): 500mm,,3,,16.5,USD,"OpenBuilds (NJ, USA)",,
OpenWorkstation A modular open source technology for automated in vitro workflows3,097_OpenWorkstation_A_modular_open_source_technology_for_automated_in_vitro_workflows_supplementary3.xlsx,tee nuts - M5,,,,,USD,"OpenBuilds (NJ, USA)",,
OpenWorkstation A modular open source technology for automated in vitro workflows3,097_OpenWorkstation_A_modular_open_source_technology_for_automated_in_vitro_workflows_supplementary3.xlsx,90 degree joining plate,,8,,40,USD,,,
OpenWorkstation A modular open source technology for automated in vitro workflows3,097_OpenWorkstation_A_modular_open_source_technology_for_automated_in_vitro_workflows_supplementary3.xlsx,aluminium spacer: 6mm,,4,,11.96,USD,"OpenBuilds (NJ, USA)",,
OpenWorkstation A modular open source technology for automated in vitro workflows3,097_OpenWorkstation_A_modular_open_source_technology_for_automated_in_vitro_workflows_supplementary3.xlsx,"LED strip light: 399nm (reel, 5m)",,1,,175,USD,"Flexfire LEDs, Inc.(CA, USA)",,
OpenWorkstation A modular open source technology for automated in vitro workflows3,097_OpenWorkstation_A_modular_open_source_technology_for_automated_in_vitro_workflows_supplementary3.xlsx,drag chain cable carrier (10 x 15mm): 0.5m,,3,,23.97,USD,"OpenBuilds (NJ, USA)",,
OpenWorkstation A modular open source technology for automated in vitro workflows3,097_OpenWorkstation_A_modular_open_source_technology_for_automated_in_vitro_workflows_supplementary3.xlsx,500mm C-Beam® Linear Actuator Bundle (w NEMA23),,1,,144.99,USD,"OpenBuilds (NJ, USA)",,
OpenWorkstation A modular open source technology for automated in vitro workflows3,097_OpenWorkstation_A_modular_open_source_technology_for_automated_in_vitro_workflows_supplementary3.xlsx,250mm Belt & Pinion Actuator Bundle (w NEMA23),,1,,126.99,USD,"OpenBuilds (NJ, USA)",,
OpenWorkstation A modular open source technology for automated in vitro workflows3,097_OpenWorkstation_A_modular_open_source_technology_for_automated_in_vitro_workflows_supplementary3.xlsx,Xtension Limit Switch Kit,,2,,9.98,USD,"OpenBuilds (NJ, USA)",,
OpenWorkstation A modular open source technology for automated in vitro workflows3,097_OpenWorkstation_A_modular_open_source_technology_for_automated_in_vitro_workflows_supplementary3.xlsx,profile 30x30 (slot 8mm),,,10.5,55.293,USD,"GAP Engineering PTY LTD (QLD, Australia)",,
OpenWorkstation A modular open source technology for automated in vitro workflows3,097_OpenWorkstation_A_modular_open_source_technology_for_automated_in_vitro_workflows_supplementary3.xlsx,profile 20x20 (V slot): 500mm,,4,,22,USD,"OpenBuilds (NJ, USA)",,
OpenWorkstation A modular open source technology for automated in vitro workflows3,097_OpenWorkstation_A_modular_open_source_technology_for_automated_in_vitro_workflows_supplementary3.xlsx,profile 20x20 (V slot): 250mm (to be cut),,8,,26.4,USD,"OpenBuilds (NJ, USA)",,
OpenWorkstation A modular open source technology for automated in vitro workflows3,097_OpenWorkstation_A_modular_open_source_technology_for_automated_in_vitro_workflows_supplementary3.xlsx,profile 20x40 (V slot): 250mm (to be cut),,1,3.99,3.99,USD,"OpenBuilds (NJ, USA)",,
OpenWorkstation A modular open source technology for automated in vitro workflows3,097_OpenWorkstation_A_modular_open_source_technology_for_automated_in_vitro_workflows_supplementary3.xlsx,tee nuts - M5,,,,,USD,"OpenBuilds (NJ, USA)",,
OpenWorkstation A modular open source technology for automated in vitro workflows3,097_OpenWorkstation_A_modular_open_source_technology_for_automated_in_vitro_workflows_supplementary3.xlsx,90 degree joining plate,,14,4.99,69.86,USD,"OpenBuilds (NJ, USA)",,
OpenWorkstation A modular open source technology for automated in vitro workflows3,097_OpenWorkstation_A_modular_open_source_technology_for_automated_in_vitro_workflows_supplementary3.xlsx,aluminium spacer: 20mm,,,,,USD,"OpenBuilds (NJ, USA)",,
OpenWorkstation A modular open source technology for automated in vitro workflows3,097_OpenWorkstation_A_modular_open_source_technology_for_automated_in_vitro_workflows_supplementary3.xlsx,vacuum ejector,,1,38.62,38.62,USD,"Schmalz (Glatten, Germany)",10.02.01.00565,
OpenWorkstation A modular open source technology for automated in vitro workflows3,097_OpenWorkstation_A_modular_open_source_technology_for_automated_in_vitro_workflows_supplementary3.xlsx,bellows suction cups (oval): SPOB1 60x20,,2,37.5,75,USD,"Schmalz (Glatten, Germany)",10.01.06.03511,
OpenWorkstation A modular open source technology for automated in vitro workflows3,097_OpenWorkstation_A_modular_open_source_technology_for_automated_in_vitro_workflows_supplementary3.xlsx,"hose, VSL 8-6 PU, external diameter D=8 mm, internal diameter d=6 mm",,,4.76,47.599999999999994,USD,"Schmalz (Glatten, Germany)",10.07.09.00003,
OpenWorkstation A modular open source technology for automated in vitro workflows3,097_OpenWorkstation_A_modular_open_source_technology_for_automated_in_vitro_workflows_supplementary3.xlsx,"screw plug connection, straight",,2,4.47,8.94,USD,"Schmalz (Glatten, Germany)",10.08.02.00206,
OpenWorkstation A modular open source technology for automated in vitro workflows3,097_OpenWorkstation_A_modular_open_source_technology_for_automated_in_vitro_workflows_supplementary3.xlsx,t-connection,,1,16.43,16.43,USD,"Schmalz (Glatten, Germany)",10.09.02.00022,
OpenWorkstation A modular open source technology for automated in vitro workflows3,097_OpenWorkstation_A_modular_open_source_technology_for_automated_in_vitro_workflows_supplementary3.xlsx,"3/2 pneumatic control valve solenoid, G1/8, 12V",,1,42,42,USD,"RS Components PTY LTD (NSW, Australia)",797-5093,
OpenWorkstation A modular open source technology for automated in vitro workflows3,097_OpenWorkstation_A_modular_open_source_technology_for_automated_in_vitro_workflows_supplementary3.xlsx,"pneumatic straight threaded-to-tube adapter, G 1/8 male, push In 6 mm",,2,,0,USD,"RS Components PTY LTD (NSW, Australia)",,
OpenWorkstation A modular open source technology for automated in vitro workflows3,097_OpenWorkstation_A_modular_open_source_technology_for_automated_in_vitro_workflows_supplementary3.xlsx,drag chain cable carrier (10 x 15mm): 0.5m,,3,7.99,23.97,USD,"OpenBuilds (NJ, USA)",2450,
OpenLH Open Liquid Handling System for Creative Experimentation with Biology,100_OpenLH_Open_Liquid_Handling_System_for_Creative_Experimentation_with_Biology_supplementary.zip,Uarm Swift Pro,,1,,749,USD,,,https://store.ufactory.cc/collections/frontpage/products/uarm-swift-pro-main-body-accessories-excluded
OpenLH Open Liquid Handling System for Creative Experimentation with Biology,100_OpenLH_Open_Liquid_Handling_System_for_Creative_Experimentation_with_Biology_supplementary.zip,ECOPIPETTE 2-2µL or 5-50µL,,1,,65,USD,,,http://www.capp.dk/product/ecopipette-single-channel
OpenLH Open Liquid Handling System for Creative Experimentation with Biology,100_OpenLH_Open_Liquid_Handling_System_for_Creative_Experimentation_with_Biology_supplementary.zip,Screw M3 10mm Socket head,,2,,2,USD,,,
OpenLH Open Liquid Handling System for Creative Experimentation with Biology,100_OpenLH_Open_Liquid_Handling_System_for_Creative_Experimentation_with_Biology_supplementary.zip,Screw M3 8mm Socket head,,2,,2,USD,,,
OpenLH Open Liquid Handling System for Creative Experimentation with Biology,100_OpenLH_Open_Liquid_Handling_System_for_Creative_Experimentation_with_Biology_supplementary.zip,3d Printed Part-Pipette to Arm Holder,,1,,,USD,,,
OpenLH Open Liquid Handling System for Creative Experimentation with Biology,100_OpenLH_Open_Liquid_Handling_System_for_Creative_Experimentation_with_Biology_supplementary.zip,3d Printed Part-Servo Release Part,,1,,,USD,,,
OpenLH Open Liquid Handling System for Creative Experimentation with Biology,100_OpenLH_Open_Liquid_Handling_System_for_Creative_Experimentation_with_Biology_supplementary.zip,3d Printed Part-Pipette Release Part,,1,,,USD,,,
OpenLH Open Liquid Handling System for Creative Experimentation with Biology,100_OpenLH_Open_Liquid_Handling_System_for_Creative_Experimentation_with_Biology_supplementary.zip,3d Printed Part-Pipette cap cover,,1,,,USD,,,
OpenLH Open Liquid Handling System for Creative Experimentation with Biology,100_OpenLH_Open_Liquid_Handling_System_for_Creative_Experimentation_with_Biology_supplementary.zip,C-Beam® Linear Actuator Bundle 250mm + 23NEMA motor,,1,,129,USD,,,https://openbuildspartstore.com/c-beam-linear-actuator-bundle/
OpenLH Open Liquid Handling System for Creative Experimentation with Biology,100_OpenLH_Open_Liquid_Handling_System_for_Creative_Experimentation_with_Biology_supplementary.zip,MasterFlex model 96410-13 Flexible tube 1m,,,,20,USD,,,https://www.masterflex.com/i/masterflex-l-s-platinum-cured-silicone-tubing-l-s-13-25-ft/9641013
OpenLH Open Liquid Handling System for Creative Experimentation with Biology,100_OpenLH_Open_Liquid_Handling_System_for_Creative_Experimentation_with_Biology_supplementary.zip,Screw M5 20mm Socket head,,1,,1,USD,,,
OpenLH Open Liquid Handling System for Creative Experimentation with Biology,100_OpenLH_Open_Liquid_Handling_System_for_Creative_Experimentation_with_Biology_supplementary.zip,Screw M5 15mm Socket head,,2,,2,USD,,,
OpenLH Open Liquid Handling System for Creative Experimentation with Biology,100_OpenLH_Open_Liquid_Handling_System_for_Creative_Experimentation_with_Biology_supplementary.zip,3d Printed Part-1,,1,,,USD,,,
OpenLH Open Liquid Handling System for Creative Experimentation with Biology,100_OpenLH_Open_Liquid_Handling_System_for_Creative_Experimentation_with_Biology_supplementary.zip,3d Printed Part-2 1 976Total in US dollar Linear Actuator Robotic Arm + Liquid Handling At,,,,3,USD,,,
OpenLH Open Liquid Handling System for Creative Experimentation with Biology,100_OpenLH_Open_Liquid_Handling_System_for_Creative_Experimentation_with_Biology_supplementary.zip,Printed with Ultimaker,,2,,,USD,,,
