title,doi,doi_source,resolves,agency,registered_title,title_similarity,verdict
3D bioprinting of collagen-based high-resolution internally perfusable scaffolds for engineering fully biologic tissue systems,10.1126/sciadv.adu5905,recorded,yes,Crossref,3D bioprinting of collagen-based high-resolution internally perfusable scaffolds for engineering fully biologi,1.0,VERIFIED
A Custom Ultra-Low-Cost 3D Bioprinter Supports Cell Growth and Differentiation,10.3389/fbioe.2020.580889,recorded,yes,Crossref,A Custom Ultra-Low-Cost 3D Bioprinter Supports Cell Growth and Differentiation,1.0,VERIFIED
A Versatile Open-Source Printhead for Low-Cost 3D Microextrusion-Based Bioprinting,10.3390/polym12102346,recorded,yes,Crossref,A Versatile Open-Source Printhead for Low-Cost 3D Microextrusion-Based Bioprinting,1.0,VERIFIED
An Open-Source 3D Bioprinter Using Direct Light Processing for Tissue Engineering Applications,10.3390/inventions10050092,recorded,yes,Crossref,An Open-Source 3D Bioprinter Using Direct Light Processing for Tissue Engineering Applications,1.0,VERIFIED
An open source extrusion bioprinter based on the E3D motion system and tool changer to enable FRESH and multimaterial bioprinting,10.1038/s41598-021-00931-1,recorded,yes,Crossref,An open source extrusion bioprinter based on the E3D motion system and tool changer to enable FRESH and multim,1.0,VERIFIED
Design and Implementation of an Accessible 3D Bioprinter: Benchmarking the Performance of a Home-Made Bioprinter against a Professional Bioprinter,10.3390/app131810213,recorded,yes,Crossref,Design and Implementation of an Accessible 3D Bioprinter: Benchmarking the Performance of a Home-Made Bioprint,1.0,VERIFIED
Design and Validation of a Piston-Driven Syringe-Extrusion Bioprinter Using an FDM Frame,10.3390/biomimetics10120811,recorded,yes,Crossref,Design and Validation of a Piston-Driven Syringe-Extrusion Bioprinter Using an FDM Frame,1.0,VERIFIED
"Design of an Open-Source, Low-Cost Bioink and Food Melt Extrusion 3D Printer",10.3791/59834,recorded,yes,Crossref,"Design of an Open-Source, Low-Cost Bioink and Food Melt Extrusion 3D Printer",1.0,VERIFIED
Development and implementation of a significantly low-cost 3D bioprinter using recycled scrap material,10.3389/fbioe.2023.1108396,recorded,yes,Crossref,Development and implementation of a significantly low-cost 3D bioprinter using recycled scrap material,1.0,VERIFIED
Development of a high-performance open-source 3D bioprinter,10.1038/s41598-022-26809-4,recorded,yes,Crossref,Development of a high-performance open-source 3D bioprinter,1.0,VERIFIED
Extrusion-Based Bioprinting in a Cost-Effective Bioprinter,10.3390/machines12080518,recorded,yes,Crossref,Extrusion-Based Bioprinting in a Cost-Effective Bioprinter,1.0,VERIFIED
LusoBioMaker: A low-cost 3D bioprinter with multi-extrusion and contour printing capabilities for thermo- and photocurable hydrogels towards complex tissue fabrication,10.1016/j.bprint.2025.e00425,recorded,yes,Crossref,LusoBioMaker: A low-cost 3D bioprinter with multi-extrusion and contour printing capabilities for thermo- and ,1.0,VERIFIED
Open-source hybrid 3D-bioprinter for simultaneous printing of thermoplastics and hydrogels,10.1016/j.ohx.2021.e00230,recorded,yes,Crossref,Open-source hybrid 3D-bioprinter for simultaneous printing of thermoplastics and hydrogels,1.0,VERIFIED
Srishti: a custom-built laser-assisted 3D bioprinter for fabricating high-resolution biological constructs,10.1186/s44330-025-00051-6,recorded,yes,Crossref,Srishti: a custom-built laser-assisted 3D bioprinter for fabricating high-resolution biological constructs,1.0,VERIFIED
mSLAb–An open-source masked stereolithography (mSLA) bioprinter,10.1016/j.ohx.2024.e00543,recorded,yes,Crossref,mSLAb – An open-source masked stereolithography (mSLA) bioprinter,1.0,VERIFIED
BIO-SPEC: An open-source bench-top parallel bioreactor system,10.1016/j.ohx.2025.e00670,recorded,yes,Crossref,BIO-SPEC: An open-source bench-top parallel bioreactor system,1.0,VERIFIED
Enhanced Growth of Bacterial Cells in a Smart 3D Printed Bioreactor,10.3390/mi14101829,recorded,yes,Crossref,Enhanced Growth of Bacterial Cells in a Smart 3D Printed Bioreactor,1.0,VERIFIED
The ‘bIUreactor’: an open-source 3D tissue research platform,10.1007/s10439-024-03481-5,recorded,yes,Crossref,The ‘bIUreactor’: An Open-Source 3D Tissue Research Platform,1.0,VERIFIED
"A Low-Cost, Open-Source 3D Printer for Multimaterial and High-Throughput Direct Ink Writing of Soft and Living Materials",10.1002/adma.202414971,recorded,yes,Crossref,"A Low‐Cost, Open‐Source 3D Printer for Multimaterial and High‐Throughput Direct Ink Writing of Soft and Living",1.0,VERIFIED
A cost-effective and open-source near-field electrospinning system with a graphical user interface,10.1016/j.ohx.2025.e00691,recorded,yes,Crossref,A cost-effective and open-source near-field electrospinning system with a graphical user interface,1.0,VERIFIED
A 3D-Printed Plate Handler for Automated Handling of Well Plates on the Opentrons OT-2,10.5206/joh.v9i1.22756,recorded,yes,Crossref,A 3D-Printed Plate Handler for Automated Handling of Well Plates on the Opentrons OT-2,1.0,VERIFIED
A robot-assisted acoustofluidic end effector,10.1038/s41467-022-34167-y,recorded,yes,Crossref,A robot-assisted acoustofluidic end effector,1.0,VERIFIED
Adapting a Low-Cost and Open-Source Commercial Pipetting Robot for Nanoliter Liquid Handling,10.1177/2472630320973591,recorded,yes,Crossref,Adapting a Low-Cost and Open-Source Commercial Pipetting Robot for Nanoliter Liquid Handling,1.0,VERIFIED
An open-source programmable smart pipette for portable cell separation and counting,10.1039/c9ra08368e,recorded,yes,Crossref,An open-source programmable smart pipette for portable cell separation and counting,1.0,VERIFIED
Analytical Measurements and Efficient Process Generation Using a Dual–Arm Robot Equipped with Electronic Pipettes,10.3390/en11102567,recorded,yes,Crossref,Analytical Measurements and Efficient Process Generation Using a Dual–Arm Robot Equipped with Electronic Pipet,1.0,VERIFIED
Automated Liquid Handler from a 3D Printer,10.1021/acs.jchemed.3c00855,recorded,yes,Crossref,Automated Liquid Handler from a 3D Printer,1.0,VERIFIED
"BioCloneBot: A versatile, low-cost, and open-source automated liquid handler",10.1016/j.ohx.2024.e00516,recorded,yes,Crossref,"BioCloneBot: A versatile, low-cost, and open-source automated liquid handler",1.0,VERIFIED
Commit: Digital pipette: open hardware for liquid transfer in self-driving laboratories,10.1039/d5dd00336a,recorded,yes,Crossref,Commit: Digital pipette: open hardware for liquid transfer in self-driving laboratories,1.0,VERIFIED
Establishment of low-cost laboratory automation processes using AutoIt and 4-axis robots,10.1016/j.slast.2022.07.001,recorded,yes,Crossref,Establishment of low-cost laboratory automation processes using AutoIt and 4-axis robots,1.0,VERIFIED
"EvoBot: An Open-Source, Modular, Liquid Handling Robot for Scientific Experiments",10.3390/app10030814,recorded,yes,Crossref,"EvoBot: An Open-Source, Modular, Liquid Handling Robot for Scientific Experiments",1.0,VERIFIED
FINDUS: An Open-Source 3D Printable Liquid-Handling Workstation for Laboratory Automation in Life Sciences,10.1177/2472630319877374,recorded,yes,Crossref,FINDUS: An Open-Source 3D Printable Liquid-Handling Workstation for Laboratory Automation in Life Sciences,1.0,VERIFIED
Leveraging flexible pipette-based tool changes to transform liquid handling systems into dual-function sample preparation and imaging platforms,10.1016/j.ohx.2025.e00653,recorded,yes,Crossref,Leveraging flexible pipette-based tool changes to transform liquid handling systems into dual-function sample ,1.0,VERIFIED
Open-source cell culture automation system with integrated cell counting for passaging microplate cultures,10.1093/pnasnexus/pgaf385,recorded,yes,Crossref,Open-source cell culture automation system with integrated cell counting for passaging microplate cultures,1.0,VERIFIED
Open-source personal pipetting robots with live-cell incubation and microscopy compatibility,10.1038/s41467-022-30643-7,recorded,yes,Crossref,Open-source personal pipetting robots with live-cell incubation and microscopy compatibility,1.0,VERIFIED
OpenLH: Open Liquid-Handling System for Creative Experimentation with Biology,10.1145/3294109.3295619,recorded,yes,Crossref,OpenLH,0.11,VERIFIED (registry stores a short title)
OpenWorkstation: A modular open-source technology for automated in vitro workflows,10.1016/j.ohx.2020.e00152,recorded,yes,Crossref,OpenWorkstation: A modular open-source technology for automated in vitro workflows,1.0,VERIFIED
"PyLabRobot: An open-source, hardware-agnostic interface for liquid-handling robots and accessories",10.1101/2023.07.10.547733,recorded,yes,Crossref,"PyLabRobot: An Open-Source, Hardware Agnostic Interface for Liquid-Handling Robots and Accessories",1.0,VERIFIED
Real-time AI-driven quality control for laboratory automation: a novel computer vision solution for the opentrons OT-2 liquid handling robot,10.1007/s10489-025-06334-3,recorded,yes,Crossref,Real-time AI-driven quality control for laboratory automation: a novel computer vision solution for the opentr,1.0,VERIFIED
Sidekick: A Low-Cost Open-Source 3D-printed liquid dispensing robot,10.1016/j.ohx.2022.e00319,recorded,yes,Crossref,Sidekick: A Low-Cost Open-Source 3D-printed liquid dispensing robot,1.0,VERIFIED
Technical upgrade of an open-source liquid handler to support bacterial colony screening,10.3389/fbioe.2023.1202836,recorded,yes,Crossref,Technical upgrade of an open-source liquid handler to support bacterial colony screening,1.0,VERIFIED
A high performance open-source syringe extruder optimized for extrusion and retraction during FRESH 3D bioprinting,10.1016/j.ohx.2020.e00170,recorded,yes,Crossref,A high performance open-source syringe extruder optimized for extrusion and retraction during FRESH 3D bioprin,1.0,VERIFIED
Design and Validation of an Open-Hardware Print-Head for Bioprinting Application,10.1016/j.proeng.2015.07.015,recorded,yes,Crossref,Design and Validation of an Open-Hardware Print-Head for Bioprinting Application,1.0,VERIFIED
Fabrication and validation of an affordable DIY coaxial 3D extrusion bioprinter,10.1038/s41598-025-06478-9,recorded,yes,Crossref,Fabrication and validation of an affordable DIY coaxial 3D extrusion bioprinter,1.0,VERIFIED
Nydus One Syringe Extruder (NOSE): A Prusa i3 3D printer conversion for bioprinting applications,10.1016/j.ohx.2019.e00069,recorded,yes,Crossref,Nydus One Syringe Extruder (NOSE): A Prusa i3 3D printer conversion for bioprinting applications utilizing the,0.75,VERIFIED
The Enderstruder: An accessible open-source syringe extruder compatible with Ender series 3D printers,10.1016/j.ohx.2024.e00510,recorded,yes,Crossref,The Enderstruder: An accessible open-source syringe extruder compatible with Ender series 3D printers,1.0,VERIFIED
"Homebrew photolithography for the rapid and low-cost,“Do It Yourself” prototyping of microfluidic devices",10.1021/acsomega.3c05544,recorded,yes,Crossref,"Homebrew Photolithography for the Rapid and Low-Cost, “Do It Yourself” Prototyping of Microfluidic Devices",1.0,VERIFIED
Hydrogel Patterns in Microfluidic Devices by Do-It-Yourself UV-Photolithography Suitable for Very Large-Scale Integration,10.3390/mi11050479,recorded,yes,Crossref,Hydrogel Patterns in Microfluidic Devices by Do-It-Yourself UV-Photolithography Suitable for Very Large-Scale ,1.0,VERIFIED
"Low-cost, versatile, and highly reproducible microfabrication pipeline to generate 3D-printed customised cell culture devices with complex designs",10.1371/journal.pbio.3002503,recorded,yes,Crossref,"Low-cost, versatile, and highly reproducible microfabrication pipeline to generate 3D-printed customised cell ",1.0,VERIFIED
Melt Electrowriting of Nylon‐12 Microfibers with an Open‐Source 3D Printer,10.1002/marc.202300424,recorded,yes,Crossref,Melt Electrowriting of Nylon‐12 Microfibers with an Open‐Source 3D Printer,1.0,VERIFIED
3D Printing of Individualized Microfluidic Chips with DLP-Based Printer,10.3390/ma16216984,recorded,yes,Crossref,3D Printing of Individualized Microfluidic Chips with DLP-Based Printer,1.0,VERIFIED
A simple method of fabricating mask-free microfluidic devices for biological analysis,10.1063/1.3487796,recorded,yes,Crossref,A simple method of fabricating mask-free microfluidic devices for biological analysis,1.0,VERIFIED
Mask-free laser lithography for rapid and low-cost microfluidic device fabrication,10.1021/acs.analchem.8b03169,recorded,yes,Crossref,Mask-Free Laser Lithography for Rapid and Low-Cost Microfluidic Device Fabrication,1.0,VERIFIED
Modular microfluidic systems cast from 3D-printed molds for imaging leukocyte adherence to differentially treated endothelial cultures,10.1038/s41598-019-47475-z,recorded,yes,Crossref,Modular microfluidic systems cast from 3D-printed molds for imaging leukocyte adherence to differentially trea,1.0,VERIFIED
"Open-source, community-driven microfluidics with Metafluidics",10.1038/nbt.3873,recorded,yes,Crossref,"Open-source, community-driven microfluidics with Metafluidics",1.0,VERIFIED
Teach your microscope how to print: low-cost and rapid-iteration microfabrication for biology,10.1039/d5lc00181a,recorded,yes,Crossref,Teach your microscope how to print: low-cost and rapid-iteration microfabrication for biology,1.0,VERIFIED
STARTER: a stand-alone reconfigurable and translational organ-on-chip platform based on modularity and open design principles,10.1039/d5lc00756a,recorded,yes,Crossref,STARTER: a stand-alone reconfigurable and translational organ-on-chip platform based on modularity and open de,1.0,VERIFIED
"Design and implementation of a low cost bio-printer modification, allowing for switching between plastic and gel extrusion",10.1016/j.ohx.2021.e00186,recorded,yes,Crossref,"Design and implementation of a low cost bio-printer modification, allowing for switching between plastic and g",1.0,VERIFIED
Development of a microfluidic-assisted open-source 3D bioprinting system (MOS3S) for the engineering of hierarchical tissues,10.1016/j.ohx.2024.e00527,recorded,yes,Crossref,Development of a microfluidic-assisted open-source 3D bioprinting system (MOS3S) for the engineering of hierar,1.0,VERIFIED
Designing cost-effective open-source multihead 3D bioprinters,10.1089/genbio.2022.0021,recorded,yes,Crossref,Designing Cost-Effective Open-Source Multihead 3D Bioprinters,1.0,VERIFIED
Principles of computer-controlled linear motion applied to an open-source affordable liquid handler for automated micropipetting,10.1038/s41598-020-70465-5,recorded,yes,Crossref,Principles of computer-controlled linear motion applied to an open-source affordable liquid handler for automa,1.0,VERIFIED
