file,title_from_filename,repo_links,repo_link_count,dependency_links,licence,licence_scope,licence_evidence,cost,cost_evidence,build_time,build_time_evidence,skills_evidence,limitation_evidence,limitation_evidence_2,chars
011_LusoBioMaker_A_low_cost_3D_bioprinter_with_multi_extrusion_and_contour_printing_capabilities_for_thermo_and_photocurable.md,LusoBioMaker A low cost 3D bioprinter with multi extrusion and contour printing capabilities for thermo and photocurable,,0,,CC-BY,article,This is an open access article under the CC BY license ( http://creativecommons.org/licenses/by/4.0/ ).,$900,"Here, we present LusoBio- Maker, an open-source bioprinter that delivers commercial-grade performance for under $900 of materi.",5 min,"The construct was then transferred to a 37 Q water bath for 5 min where κ-carrageenan underwent a gel-sol tran- sition and diffused out through the open base, leaving a clear, hollow hydrogel shell. 2.3.8.","In addition, they require large quantities of bioinks, often consisting of costly natural polymers and/or optimised proprietary and expensive bioink’s formulations.","However, the high cost of equipment is frequently a significant limitation for implementing these approaches.","To circumvent these limitations, many groups have also developed low-cost, open-source extrusion bioprinters in-house [18], whose main features are summarised in Table 1, including the solution proposed in this work, LusoBioMaker.",101227
017_3D_bioprinting_of_collagen_based_high_resolution_internally_perfusable_scaffolds_for_engineering_fully_biologic_tissue_s.md,3D bioprinting of collagen based high resolution internally perfusable scaffolds for engineering fully biologic tissue s,,0,,CC-BY,artifact,Government Works. distributed under a creative commons Attribution license 4.0 (cc BY).,$1500,"This performance can also be achieved via our published guides to convert affordable (e.g., <$1500) desktop plastic 3D printers such as the FlashForge Finder with 11- μm reported ac- curacy into 3D bioprinters using open- source syringe pump extrud- ers and Du",8 days,"Further, the increased shear stress resulting from perfusion promotes cellular assembly into VE- Cad+ vascular- like networks spanning 8 to 100 μm in diameter throughout the scaffold in only 8 days’ time.",INTRODUCTION The cardiovascular system is a developmental requirement for all ver- tebrates because it transports oxygen and nutrients to tissues and or- gans and removes metabolic waste.,"Feinberg1,5* Organ- on- a- chip and microfluidic systems have improved the translational relevance of in vitro systems; however, current manufacturing approaches impart limitations on materials selection, non- native mechanical properties, geometric complexity, and cell- driven remodeling into funct","This need for perfusable fluidic networks has posed a major challenge in the bioengineering field, often resulting in the engineering of tissue scaffolds and devices that either constrain thickness to the limits of passive nutrient diffusion (~200 μm) or result in necrotic cores within larger constr",121279
018_A_Low_Cost_Open_Source_3D_Printer_for_Multimaterial_and_High_Throughput_Direct_Ink_Writing_of_Soft_and_Living_Materials.md,A Low Cost Open Source 3D Printer for Multimaterial and High Throughput Direct Ink Writing of Soft and Living Materials,https://github.com/weiss-jonathan/Printess-Low-Cost-3D-Printer,1,,,,,$10,"The collective build dimensions are 80 mm x 80 mm x printing remain expensive, typically ranging from $10 000- 80 mm.",2-4days,"The Printess ingfreemodificationofallcomponents.However,existingopen can also be expanded with a number of optional features, in- source 3D printers usually modify off-the-shelf x, y, z-gantry cludingfans,heatbedswithtemperaturecontrol,atouchscreen, systems,[2","The Printess ingfreemodificationofallcomponents.However,existingopen can also be expanded with a number of optional features, in- source 3D printers usually modify off-the-shelf x, y, z-gantry cludingfans,heatbedswithtemperaturecontrol,atouchscreen, systems,[23-32] robotic arms,[33] or even compact ",See the Terms and Conditions (https://onlinelibrary.wiley.com/terms-and-conditions) on Wiley Online Library for rules of use; OA articles are governed by the applicable Creative Commons License www.advancedsciencenews.com www.advmat.de are becoming ubiquitous across educational institutions and inth,"Fourth, the onboardATmega2560,canhost6steppermotorsanddrivers.TMC2208 RUMBAboardislimitedtosixaxes,soitcansupportonlytwo- driverswereusedfortheexperimentsinthismanuscript.Forsaferprinter materialprinting.Alternativeboardscanbeusedthatsupportup operation,thesteppermotordriversshouldbetunedusingtheon-",65279
019_An_Open_Source_3D_Bioprinter_Using_Direct_Light_Processing_for_Tissue_Engineering_Applications.md,An Open Source 3D Bioprinter Using Direct Light Processing for Tissue Engineering Applications,https://osf.io/nzfer,1,,,,,,,,,The regulationcapacityrrequiredfortheadjustmentscrewswasmodeledasfollows: | | r = | l r sinα | | (6) | | --- | --- | -------- | --- | --- | wherel isthedistancebetweenonescrewandthelinejoiningtheothertwo. r Residual misalignment was estimated by comparing the maximum error with the designregulationr,"Fortheothertwo,thegreaterdeviationsareattributabletotheirfabricationvia3Dprinting rather than high-speed machining, since this technique imposes stricter limitations on manufacturingtolerances.","From an application standpoint, the measured positioning and distance accuracy (50µm-75µm)remainedsignificantlyhigher-bymorethananorderofmagnitude-than thetypicallayerthicknessinbioprinting,whichislargelyconstrainedbycelldimensions.",72335
021_Design_and_Validation_of_a_Piston_Driven_Syringe_Extrusion_Bioprinter_Using_an_FDM_Frame.md,Design and Validation of a Piston Driven Syringe Extrusion Bioprinter Using an FDM Frame,,0,,CC-BY,article,This article is an open access article distributed under the terms and conditions of the Creative Commons Attribution (CC BY) license (https://creativecommons.org/ licenses/by/4.0/).,,,,,These steps limit the use of FDM for hydrogel printing and other soft tissue constructs because the required temperatures and melt conditions are not compatible with most aqueous bioinks.,"In contrast, SLA and DLP offer superior resolution and rapid printing speeds but are constrained by limited light penetration, scattering within opaque hydrogels, and a narrow selection of compatible photopolymers [8].","Practically, agar/alginate blends above ~3 g/L could not be driven reliably.",43238
023_Extrusion_Based_Bioprinting_in_a_Cost_Effective_Bioprinter.md,Extrusion Based Bioprinting in a Cost Effective Bioprinter,,0,,CC-BY,article,This article is an open access article distributed under the terms and conditions of the Creative Commons Attribution (CC BY) license (https:// creativecommons.org/licenses/by/ 4.0/).,,,30 min,"This setup, in conjunction with the UV sterilization lamp, is started 30 min before the bioprinting process to ensure sterility of the chamber. 3.3.","The modification addresses the challenges of the high cost of commercial bioprinters, limited adaptability, and specialized personnel requirements.",,,70098
025_Design_and_Implementation_of_an_Accessible_3D_Bioprinter_Benchmarking_the_Performance_of_a_Home_Made_Bioprinter_against_.md,Design and Implementation of an Accessible 3D Bioprinter Benchmarking the Performance of a Home Made Bioprinter against ,,0,https://github.com/Ultimaker/Cura/releases,CC-BY,article,This article is an open access article distributed under the terms and conditions of the Creative Commons Attribution (CC BY) license (https:// creativecommons.org/licenses/by/ 4.0/).,,,15 min,"Brieﬂy, the constructs were washed once with PBS, and Live/Dead reagent was added in a 1:1 ratio with phosphate-buffered saline (PBS) for 15 min at room temperature.",Acknowledgments: The authors acknowledge Kentstrapper S.r.l. for providing the commercial VERVE 3D printer and for their expertise and technical assistance.,"However, the impact of 3D bioprinting on research is limited by the high costs of professional 3D bioprinters, which represent an obstacle to the widespread access and usability of this technology.",,47909
032_A_high_performance_open_source_syringe_extruder_optimized_for_extrusion_and_retraction_during_FRESH_3D_bioprinting.md,A high performance open source syringe extruder optimized for extrusion and retraction during FRESH 3D bioprinting,,0,,CC-BY-SA,artifact (spec table),CC-BY-SA — Location of File CAD and PDF FIle CC-BY-SA 4.0 Replistruder4,$150,Speciﬁcations table [please ﬁll in right-hand column of the table below] Hardware name Subject area Hardware type Open Source License Cost of Hardware Source File Repository Replistruder 4 (cid:1) Engineering and Material Science (cid:1) Mechanical engineering,,,"Feinberg a,b,⇑ a Department of Biomedical Engineering, Carnegie Mellon University, Pittsburgh, PA, United States b Department of Materials Science & Engineering, Carnegie Mellon University, Pittsburgh, PA, United States a r t i c l e i n f o a b s t r a c t Article history: Received 22 October 2020 ",,,43031
034_Design_and_implementation_of_a_low_cost_bio_printer_modification_allowing_for_switching_between_plastic_and_gel_extrusio.md,Design and implementation of a low cost bio printer modification allowing for switching between plastic and gel extrusio,https://data.mendeley.com/datasets/3kfmsz4n28/1 | https://data.mendeley.com/datasets,2,https://github.com/prusa3d/Prusa-Firmware,CC-BY-SA,artifact,HardwareX 9 (2021) e00186 Speciﬁcations table Hardware name Subject area Hardware type Open Source License Cost of Hardware Source File Repository Please specify the name of the hardware that you invented/customized (cid:1) Engineering and Material Science (ci,000 USD,"The price of these type of systems have fallen signiﬁcantly recently, with prices starting from around 5 000 USD for the most basic system and going up to several hundred thousand USD for more advanced systems [1].",,,"The modiﬁcations are kept as simple as possible and uses standard slic- ing software, allowing for installation by less experienced builders.","Hydrogels tend to sag over time (before curing); therefore, the z height is limited by the rigidity of the bio-ink.",It is not suitable for reactive materials such as an epoxy or similar. 8.,36071
036_Open_source_hybrid_3D_bioprinter_for_simultaneous_printing_of_thermoplastics_and_hydrogels.md,Open source hybrid 3D bioprinter for simultaneous printing of thermoplastics and hydrogels,https://www.thingiverse.com/thing:2995480,1,https://github.com/makerbase-mks/MKS-RUMBA-Plus/tree/master/hardware/MKS%20RUMBA%2B%20V1,GPL,artifact,Specificationstable Hardwarename Prusai3MK3withmicroextrusionmoduleupgradeforhybrid3D-bioprinting Subjectarea (cid:1) Medical(e.g.PharmaceuticalScience) (cid:1) EngineeringandMaterialScience Hardwaretype (cid:1) Bioprinter OpenSourceLicense GPLv3 CostofHardwar,€ 769.00,Designator Component Number Costperunit- Totalcost- Sourceofmaterials Ordernumber Materialtype | | | currency | currency | | | | | --- | --- | -------- | -------- | --- | --- | --- | FDM3D-printer Prusai3MK3 1 769.00€ 769.00€ PrusaResearch PRI-MK3S-KIT-ORG-PEI,,,Thepresented3D-bioprinterisbasedonaconventionalPrusai3MK3printerandfeatures Keywords: twoindependentprintheads:theoriginalFDM-headandasyringe-basedmicroextrusion Hybridprinting printheadforsoftmaterials.Modificationsweredesignedmodularlytofitvarioussyringefor- 3D-Bioprinting matsorheatingelementstot,"In all the previously presented approaches, the 3D-bioprinter cannot automatically alternate between plastic and gel extrusionduringtheprintingprocesstocreateahybridmulti-materialconstruct.Eitheronlyasinglematerialcanbeprinted atatime,oritispossibletoswitchmanuallyorsemi-automaticallybetweentwodiffe","WhenconnectingtheRumba+boardtothe3D-printer,somecomponentscannotbeeasilyconnectedtotheboard.Either duetotheirconnectorshapeorsize.ThesecomponentsaremarkedwithredarrowsinFig.6.Thepossibilitiestoconnectone ofthosecomponentsareeitherusinganadaptertoconnectthemorchangetheconnectorofthewires.Inthissetup,",57647
038_A_Versatile_Open_Source_Printhead_for_Low_Cost_3D_Microextrusion_Based_Bioprinting.md,A Versatile Open Source Printhead for Low Cost 3D Microextrusion Based Bioprinting,https://3dprint.nih.gov/users/telab,1,https://github.com/slic3r/Slic3r,,,,"$10,000","Some commercial models such as the 3D-Bioplotter ® ® from Envisiontec [20], or 3DDiscovery and BioFactory from RegenHU [21,22] are considered thebesthigh-endstandardizedequipmentwithpositionalprecisionupto1µmatprohibitivecost. ® Recently,newcompaniessuchasAlle",30 min,"After the pre- established 30 min of stabilization time for the 10%Gel-2%Alg bioinks, cell-laden lattice constructs were created with our printhead, cross-linked, and incubated with fresh medium.","HeatingtheAlblockfrom22to37 Cdid ◦ notlastmorethan2minwiththeheatsinktemperatureonlydecreasing6 C(Figure1B).Ontheother ◦ hand,coolingdowntheAlblockfrom22to5 Cspentmuchmoretime(around13min)(Figure1C) ◦ butthetemperatureoftheheatsinksneverexceeded32 C.Undertheseconditions,thevariationof thesteady-stat",This is an important limitation intheX-axis(around320µmforthelargestsquares).,Thisisanimportantlimitationbecauseitwas because it was impossible to create concentric squares of 14 mm side and more than eight layers with impossibletocreateconcentricsquaresof14mmsideandmorethaneightlayerswiththismachine. this machine.,76877
040_FINDUS_An_Open_Source_3D_Printable_Liquid_Handling_Workstation_for_Laboratory_Automation_in_Life_Sciences.md,FINDUS An Open Source 3D Printable Liquid Handling Workstation for Laboratory Automation in Life Sciences,https://www.thingiverse.com/thing:255519 | https://github.com/laurb9,2,,GPL,artifact,The the FINDUS and programmed the microcontroller with Andrew robot32 can pick up conventional pipets from built- Arduino IDE (integrated development environment) 1.8.8 in racks using a camera to guide the movement of the [General Public License (GPL)].,$400.,We report the successful 3D printing and assembly of a liquid-handling workstation for less than $400.,50 hours,"Supplemental Figures 1-3 show the layout cir- rebuild liquid-handling robot for less than $400 in material cuit boards for the ESP8266 FINDUS mainboard and the costs, less than 50 hours of construction work, and an addi- peptide synthesis module. tional 50 hou","Only belt pulleys, and joints from Motedis (Ensdorf, Germany). the primary flashing required the serial adaptor.","The ESP8266 was limited to control basic motor movements, while a Python/Arduino- enabled computer was transmitting program instructions by HTTP protocol via WiFi connectivity.",,39369
041_Nydus_One_Syringe_Extruder_NOSE_A_Prusa_i3_3D_printer_modification_for_laboratory_automation_and_syringe_based_extrusion.md,Nydus One Syringe Extruder NOSE A Prusa i3 3D printer modification for laboratory automation and syringe based extrusion,https://osf.io/8c9qr | https://github.com/NydusOne/gcode-,2,,GPL,artifact,ThisisanopenaccessarticleundertheCCBY-NC-NDlicense(http://creativecommons.org/licenses/by-nc-nd/4.0/). 2 N.Bessleretal./HardwareX6(2019)e00069 Specificationstable Hardwarename NOSE Subjectarea (cid:1) Medical(e.g.PharmaceuticalScience) (cid:1) BiologicalScienc,,,3days,(C) The green circles show that HEK293 cells have proliferated to form spheroids in the alginate/collagen bioink mixture after 3days of maturation.(D)Abinocularenlargedimageshowsthesametubeafter7daysofmaturation.Theconstructhaschangeditscolorfromtransparenttow,"In comparison to other manufacturing methods it furthermore allows the production of simple structures with low amountsofwastematerial.Complexstructureshowever,oftenrequiretheuseofsupportmaterialwhichincreaseswaste production.",We provide a detailedprotocolonthecreationoftheFRESH-geltoensurethereproducibilityofthisstate oftheartmethod.AsaproofofconceptHEK293cellsaswellasmouseembryonicstem cells(mESC)wereutilizedforcell-ladenprinting.Dependingonthecellularsourcethesur- vivalratesrangefrom60%upto95%.Automatizedquantitativevi,"It aims at fabricating 3D-objects layer-by-layer and allows precise control over material depositiontherebyenablingtogeneratecomplexshapes,thatcannotbeproducedwithconventionalfabricationmethods [2].",50165
044_Design_and_Validation_of_an_Open_Hardware_Print_Head_for_Bioprinting_Application.md,Design and Validation of an Open Hardware Print Head for Bioprinting Application,https://github.com/CentroEPiaggio/IPJ-Bio,1,,CC-BY-NC,article,This is an open access article under the CC BY-NC-ND license (http://creativecommons.org/licenses/by-nc-nd/4.0/).,,,,,"The high resolution and the ability to eject small volume drops on diﬀerent types of substrate, without contact and in predeﬁned paths, are the features that enabled DOD technology to expand its application ﬁelds, as biology and materials science where many protocols require the ability to deposit s","In order to overcome these limitations, the aim of the present work is the design, fabrication and validation of an open-source piezoelectric inkjet print-head (PIJ), optimized for the bioprinting ﬁeld.","The boundary conditions, as indicated in ﬁgure 2a, are the “Fixed constraint” (i.e. no displacement) at the right end of the brass disc, “Ground” and “Electric Potential” for the upper and lower boundary of the piezo element respectively, and “axial symmetry” for those boundaries on the axis of symm",29979
045_BIO_SPEC_An_open_source_bench_top_parallel_bioreactor_system.md,BIO SPEC An open source bench top parallel bioreactor system,https://doi.org/10.17605/OSF.IO/39WSB | https://doi.org/10.17605/OSF.IO,2,,GPL,artifact (spec table),GPLv3 — GNU GPLv3 Cost of hardware ±6000 EUR for four reactors (1600,6000 EUR,"Specifications table Hardware name BIO-SPEC (Bench-top Sterilisable Parallel bioreactor system with Electronic Condenser) Subject area Biological sciences (e.g, general microbiology and bioprocessing) Hardware type Parallel bench-top bioreactor system Closest ",,,"To account for biological variability, replicate reactors are required to run in parallel.","Nevertheless, while open-source peripherals are relatively well-developed, the currently available open-source bioreactors are not suitable for axenic, long-term microbial cultivations in the 0.1-1L scale.","Since the fittings are to be swaged on the pipes though, the condenser cannot be decoupled from the reactors any more unless plastic ferrules are applied. 4 L.",80521
046_Technical_upgrade_of_an_open_source_liquid_handler_to_support_bacterial_colony_screening.md,Technical upgrade of an open source liquid handler to support bacterial colony screening,https://github.com/sysbio-cnb,1,https://github.com/facebookresearch/detectron2,,,,,,,,"Thisisanopen-accessarticledistributed COPICKreliesonamountedcameratocaptureimagesofregularPetridishesand underthetermsoftheCreative CommonsAttributionLicense(CCBY). detectmicrobialcoloniesforautomatedscreening.COPICK’ssoftwarecanthen Theuse,distributionorreproductionin | | automatically | select | t","Section 4 presents a according to flexible criteria: colony size, geometry, color, general comparison with commercial solutions (remarking strong luminescence or fluorescence (Stephens et al., 2002; Fabritius and weak points), and an extended discussion about its technical et al., 2018). tradeoffsan","Their performance is thus limited to a set of particular financial resources. conditions (i.e., color of the solid media composition, However,latestadvancesinopen-sourcesoftwareandhardware morphology of colonies, color and intensity of light), and any may turn aside such situation (Villanueva-Cañas ",63641
047_Enhanced_Growth_of_Bacterial_Cells_in_a_Smart_3D_Printed_Bioreactor.md,Enhanced Growth of Bacterial Cells in a Smart 3D Printed Bioreactor,,0,,,,,7EUR,"Tthhee ccoasltcuof- elanteiorgnys, cfoors ttohfe mcoastet roiafl eannedrguyn,i tccoosst towf emreatceorniadlu acntedd uunsiint gcothste weqeurea ticoonnsdpurcotevdid uedsinbgel othwe: equations provided below: Filamentprice(1000g)× Usedfilament(foreachpart) Co",,,"Itiswidelyrecognizedthatwhendifferentorganisms aresubjectedtospecificconditions(e.g.,temperature,CO percentage,rotationalspeed) 2 Copyright: © 2023 by the authors. within a continuously stirred bioreactor, they experience significant proliferation [4,5].",Each bioreactor has its unique advantages and limitations.,Phelan et al. [18] summarized different types of bioreactors and their limitations.,65152
049_A_Custom_Ultra_Low_Cost_3D_Bioprinter_Supports_Cell_Growth_and_Differentiation.md,A Custom Ultra Low Cost 3D Bioprinter Supports Cell Growth and Differentiation,,0,,,,,"$1,370","(C)Quantificationofthepercentageofthealkalinephosphataseareain3Dcultures(+HAPand-HAP;n=3).(D)RT-qPCRoffourosteogenicrelatedgenes (Osteopontin,AlkalinePhosphatase,CollagenTypeI,andRunx2)from+HAP/PMafter3weeksofcultureinPM.Geneexpressionisrelativetotheexpression",2 weeks,"FrontiersinBioengineeringandBiotechnology|www.frontiersin.org 3 November2020|Volume8|Article580889 | fbioe-08-580889 | | November2,2020 | | | Time:12:48 | #4 | | | | | | | | | | | | --------------- | -------------- | -------------- | --- | --- | ---------- | -","All 3D models of the replacementofanimalmodels(Yunetal.,2018),thusreducing | | | | | | | | | | components | were | converted | into | printable | gcode | instructions | | | --- | --- | --- | --- | --- | --- | --- | --- | --- | ---------- | ---- | --------- | ---- | --------- | ----- | ------------ |","In the case of the 27G nozzle, our Following the bioprinter’s calibration, we synthesized bioinks system could not provide the required higher pressure for the based on low cost polymer precursors (alginate, gelatin). extrusion, hence the printing outcome was under extruded As shown in Figures 2, 3,",,86113
052_Teach_your_microscope_how_to_print_low_cost_and_rapid_iteration_microfabrication_for_biology.md,Teach your microscope how to print low cost and rapid iteration microfabrication for biology,https://github.com/hinderling/fabscope | https://github.com/spsalmon/towbintools_pipeline | https://github.com/spsalmon/towbintools | https://github.com/openMLA,4,,CC-BY,artifact,| Lab on | a Chip | | | | | | | | | | | | ------ | ------ | --- | --- | --- | --- | --- | --- | --- | --- | --- | --- | Published on 14 July 2025 PAPER Licensed under CC-BY 4.0 | | | Teach your | microscope | | how | to | print: | | low-cost | | | | --- | --- ,$71,"Thisjournalis©TheRoyalSocietyofChemistry2025 LabChip,2025,25,4091-4105 | 4093 | Paper | | | | | | | | | | | | | | LabonaChip | | | ----- | --- | --- | --- | --- | --- | --- | --- | --- | --- | --- | --- | --- | --- | ---------- | --- | Table1 Consumablesformic",5 min,"The resin is exposed under a Allofthemicrofabricationapplicationsstartbycreatinga3D homemade UV-light (see Calibrating the UV-exposure time printedmoldfromUV-curableresin,fromwhichaPDMScast below) for 5 min to activate all photoinitiators remaining in ismade.","By shaping and morphologies.21-24 Furthermore, lab-on-a-chip devices use patterning the geometry, topology and composition of the microfabrication to miniaturize systems, enabling massive extracellularspaceataprecisionthatmatchestheintrinsicscale parallelization.25 Photolithography techniques for bi","The z-layer height is controlled by the spin find that a slightly more complex model with a constant | | | | | | | | | | | | (R2: | | R2: | | --- | --- | --- | --- | --- | --- | --- | --- | --- | --- | --- | ---- | --- | --- | coating RPM, and can be calculated with a calibration test offset leads t","To circumvent this limitation, complex substitute for SU-8 eliminates time-sensitive baking steps structures can be fabricated bystacking multiple layers (2.5D and reduces the need for extensive glass slide cleaning. printing, see Fig.",95409
064_Automated_Liquid_Handler_from_a_3D_Printer.md,Automated Liquid Handler from a 3D Printer,,0,,,,,$325.,"Here, an Downloaded from pubs.​acs.​org/​jceda8/​article-pdf/​101/​2/​640/​1542395/​ed3c00855.​pdf by guest on 19 September 2026 automated liquid handler using manual pipettes was developed to operate on a commercial hobbyist 3D printer at a cost of US $325.",,,"Arising from an iterative design process that ensured sufficient strength and rigidity, the adapter assembly, when fabricatedbyusing3Dprinting,wasfoundtooperateasitwasintended.Testsconducted found the system to be sufficiently stable and accurate in its positioning, while pipetting accuracywasnotaff",,,53124
066_Establishment_of_low_cost_laboratory_automation_processes_using_AutoIt_and_4_axis_robots.md,Establishment of low cost laboratory automation processes using AutoIt and 4 axis robots,,0,,CC-BY-NC,article,This is an open access article under the CC BY-NC-ND license ( http://creativecommons.org/licenses/by-nc-nd/4.0/ ) N.,,,75 min,"For example, the manual AAS measurement of 24 samples takes approx- imately 75 min - time that can be used to work on other processes while the automated setup is running.","However, ﬂexibility is required, especially in the SME sector, as they mostly perform project- related, temporary activities.",Limitations such as a lack of collaboration and speed will be addressed in follow- up studies.,"In addition, there are a few low-cost laboratory automation solutions on the market (such as Andrew + or Opentrons), but these do not solve the problem of existing laboratory devices such as thermocyclers, incu- bators or shakers that cannot be integrated into the automation system [ 12 , 13 , 14 , ",43291
070_EvoBot_An_Open_Source_Modular_Liquid_Handling_Robot_for_Scientific_Experiments.md,EvoBot An Open Source Modular Liquid Handling Robot for Scientific Experiments,https://bitbucket.org/afaina/evobliss-hardware | https://bitbucket.org/afaina/evobliss-software | https://www.thingiverse.com/thing:2776125,3,,,,,"$10,000,","Whilethepriceforcommercialrobotsstartsataround $10,000,theopen-sourcerobotsareatleastoneorderofmagnitudecheaper[12].",,,Thestandalonecontrolleralsoallowsustoprovideallnecessary software and thus eliminate the need for users to manage and update the software.,"applied sciences Article EvoBot: An Open-Source, Modular, Liquid Handling Robot for Scientific Experiments AndresFaiña1,* ,BrianNejati2andKasperStoy1 1 Robots,EvolutionandArtLab(REAL),DepartmentofComputerScience,ITUniversityofCopenhagen, 2300Copenhagen,Denmark;ksty@itu.dk 2 DepartmentofMechanicaland",Anotherdrawbackofopen-sourcehardwareisthatitusuallyneedstobecalibratedtoguarantee that the performance meets the requirements of the application.,52414
075_An_open_source_programmable_smart_pipette_for_portable_cell_separation_and_counting.md,An open source programmable smart pipette for portable cell separation and counting,,0,,CC-BY-NC,artifact,| RSC Advances | | | | | | | | | | | | | | | | ------------ | --- | --- | --- | --- | --- | --- | --- | --- | --- | --- | --- | --- | --- | --- | Published on 17 December 2019 PAPER Licensed under CC-BY-NC 3.0 | | | | An | open-source | | | programmable | | | ,$21,"Thisjournalis©TheRoyalSocietyofChemistry2019 RSCAdv.,2019,9,41877-41885 | 41877 RSCAdvances Paper Ontheotherhand,activeapproachestypicallyexhibithigh Materials and methods uidic controllability and are easy to generate high-pressure Devicefabrication conditio",,,"Thisjournalis©TheRoyalSocietyofChemistry2019 RSCAdv.,2019,9,41877-41885 | 41877 RSCAdvances Paper Ontheotherhand,activeapproachestypicallyexhibithigh Materials and methods uidic controllability and are easy to generate high-pressure Devicefabrication conditions, despite requiring external pumping a",| RSC Advances | | | | | | | | | | | | | | | | ------------ | --- | --- | --- | --- | --- | --- | --- | --- | --- | --- | --- | --- | --- | --- | Published on 17 December 2019 PAPER Licensed under CC-BY-NC 3.0 | | | | An | open-source | | | programmable | | | smart | | pipette | for | | | --- | --- ,"Peristaltic pumps can be a versatile important for the reliable operation of microuidic devices, alternative to the syringe pumps,11-13 easily creating recircu- | | | oen | | | ow | | | | | | denite | | | | | --- | --- | ---- | --- | --- | --- | --- | --- | --- | --- | --- | ------- | --- | --- ",62040
079_Leveraging_flexible_pipette_based_tool_changes_to_transform_liquid_handling_systems_into_dual_function_sample_preparatio.md,Leveraging flexible pipette based tool changes to transform liquid handling systems into dual function sample preparatio,,0,,CC-BY,article,This is an open access article under the CC BY license (http://creativecommons.org/licenses/by/4.0/).,"$10,000",HardwareX22(2025)e00653 (continued) Hardwarename AutomatedHydrogelImagingSystem Hardwaretype • Imagingtools • Biologicalsamplehandlingandpreparation • Measuringphysicalpropertiesandin-labsensors Closestcommercialanalog Nocommercialanalogisavailable Open-source,,,"In High-ThroughputMaterialCharacterization addition, the variable nature of these materials requires many experiments to understand the HardwarePlatform underlyingstructure-propertyrelationshipsthatgovernthesematerials.Inthisworkwepresenta new hardware platform that integrates simultaneous pipetting",Thislimitationarises because trans- LiquidHandlingRobot ferringthesematerialstoasuitableimagingplatformiseithertooslowtocapturetheprocessof AutomatedHydrogelFormulation interest or impossible to safely transfer from the synthesis vessel to the characterization.,,49660
084_BioCloneBot_A_versatile_low_cost_and_open_source_automated_liquid_handler.md,BioCloneBot A versatile low cost and open source automated liquid handler,https://doi.org/10.17605/OSF.IO/QDP7V | https://www.thingiverse.com/thing:3405002.(,2,,GPL,artifact,Specificationstable Hardwarename BioCloneBot(BCB) Subjectarea ∙Engineeringandmaterialscience ∙Biologicalsciences(e.g.microbiologyandbiochemistry) Hardwaretype ∙Biologicalsamplehandlingandpreparation Closestcommercialanalog OpenTronsOT-2 Opensourcelicense GNUGe,$2000,Specificationstable Hardwarename BioCloneBot(BCB) Subjectarea ∙Engineeringandmaterialscience ∙Biologicalsciences(e.g.microbiologyandbiochemistry) Hardwaretype ∙Biologicalsamplehandlingandpreparation Closestcommercialanalog OpenTronsOT-2 Opensourcelicense GNUGe,,,"The open-source nature of the system encouragescollaborationandcustomization,enablingresearcherstocontributeandadaptthe technologytospecificexperimentalrequirements.","The DNAcloning BioCloneBot is highly adaptive to user needs and facilitates various liquid handling tasks in 3Dprinting researchanddiagnostics.Itsuser-friendlyinterfaceandprogrammablenaturemakeitsuitable forawiderangeofapplications,fromsmall-scaleexperimentstolargerlaboratorysetups.By utilizingBioCl","Toovercometheselimitations,weproposetheBioCloneBotasanadditiontoexistingopen-sourceliquidhandlingsolutions.The BioCloneBot represents a versatile, low-cost, and open-source automated liquid handler that addresses the aforementioned flaws.",53050
088_PyLabRobot_An_open_source_hardware_agnostic_interface_for_liquid_handling_robots_and_accessories.md,PyLabRobot An open source hardware agnostic interface for liquid handling robots and accessories,https://github.com/PyLabRobot | https://github.com/PyLabRobot/pylabrobot | https://github.com/pytest-dev/pytest | https://github.com/executablebooks | https://github.com/python/mypy | https://github.com/pylint-dev/pylint,8,,,,,,,,,PyLabRobothasseveralinherentadvantagesoversimilarprojects | | Programmatic | | Interactivecommand-level | | | | | | | --- | ------------ | --- | ------------------------ | --- | --- | --- | --- | --- | Project interface Opensource control Supportsanyoperatingsystem Supportsmultiplerobots | HamiltonV,PyLabRobothasseveralinherentadvantagesoversimilarprojects | | Programmatic | | Interactivecommand-level | | | | | | | --- | ------------ | --- | ------------------------ | --- | --- | --- | --- | --- | Project interface Opensource control Supportsanyoperatingsystem Supportsmultiplerobots | HamiltonV,"Here, we present PyLabRobot, an open-source notfreelyavailabletothepublic,thereislittleopportunityfornew- Pythonframeworkthatprovidesamaximallyflexibleandacces- comerstogainexperiencethrougheducational,testing,orhobby- sibleenvironmentforcreativelyprogrammingliquid-handlingro- istusage.Eachinterface",61881
093_Sidekick_A_Low_Cost_Open_Source_3D_printed_liquid_dispensing_robot.md,Sidekick A Low Cost Open Source 3D printed liquid dispensing robot,https://github.com/rodolfokeesey/Liquid-Handler/tree/main/3D_ | https://github.com/rodolfokeesey/Liquid-Handler/tree/main/PCB | https://github.com/rodolfokeesey/Liquid-Handler/tree/main | https://github.com/rodolfokeesey/Liquid-Handler/blob/main | https://github.com/rodolfokeesey/Liquid-Handler,5,,CC-BY,article,This is an open access article under the CC BY license (http://creativecommons.org/licenses/by/4.0/).,$710,"At a total cost of $710 USD, the Sidekick offers laboratories an easy to build, easily maintained, open-source liquid dispensing system for both research and pedagogical introductions to lab automation.",,,"However, this can place such equipment out of reach for resource- limited, basic research and educational laboratories, reducing research productivity and training opportunities [6].","Including the total working area of the armature, the Sidekick is 275 mm long, 215 mm wide, 161 mm tall, which allows it to be used in space-constrained environments.",Several commonly used and widely available drivers were tested to explore the tradeoff between cost and functionality. 4 R.,83758
094_Adapting_a_Low_Cost_and_Open_Source_Commercial_Pipetting_Robot_for_Nanoliter_Liquid_Handling.md,Adapting a Low Cost and Open Source Commercial Pipetting Robot for Nanoliter Liquid Handling,,0,,,,,"$6000,","At a total materials cost of less than $6000, including the commercial liquid handler and all modifications, this system is also far less expensive than other platforms with similar capabilities, placing automated nanoliter handling within reach of a far broad",,,"Keywords nanoPOTS, Opentrons, mass spectrometry, sample preparation, liquid handling, automation Introduction Ongoing improvements to bioanalytical instrumentation are leading to ever-decreasing detection limits and sample input requirements that power advances in high-throughput screen- ing, single","To address the high cost of automated liquid handling, the startup company Opentrons (Brooklyn, NY) recently introduced the OT-1 and subsequently the OT-2 systems.26 These are low-cost, open-source solutions for automated pipetting but are limited to microliter volumes and therefore insufficient for",,37367
097_OpenWorkstation_A_modular_open_source_technology_for_automated_in_vitro_workflows.md,OpenWorkstation A modular open source technology for automated in vitro workflows,https://github.com/SebastianEggert/OpenWorkstation | https://github.com/SebastianEggert/OpenWorkstation_hardware | https://github.com/Smoothieware | https://github.com/SebastianEggert/OpenWorkstation.git,4,,,,,$900,HardwareX8(2020)e00152 Specificationstable Hardwarename OpenWorkstation:Amodularopensourcetechnologyforautomatedinvitroworkflows Subjectarea (cid:1) EngineeringandMaterialScience (cid:1) ChemistryandBiochemistry (cid:1) Medical(e.g.PharmaceuticalScience) (cid:,6weeks,"HardwareX8(2020)e00152 Table2(continued) Component Source CatalogNumber Quantity Cost/Unit TotalCost (USD) (USD) (Australia) Pneumaticstraightthreaded-to-tubeadapter,G1/8 RSComponentsPtyLty 812-049 2 4.20 8.40 male,pushIn6mm (Australia) Dragchaincablecarrier(1",HardwareX8(2020)e00152 Specificationstable Hardwarename OpenWorkstation:Amodularopensourcetechnologyforautomatedinvitroworkflows Subjectarea (cid:1) EngineeringandMaterialScience (cid:1) ChemistryandBiochemistry (cid:1) Medical(e.g.PharmaceuticalScience) (cid:1) BiologicalSciences(e.g.Microbiologyan,"HardwareX8(2020)e00152 To addressthese limitations,we presentan OSH assemblyline concept,referred toas OpenWorkstation, to developa modularplatformconsistingofcustomizableandready-to-usemodules.Thebasesetupconsistsofapipettingandtransport module,andisdesignedtoexecutebasicprotocolstepsforinvitrorese","Systems Engineering approaches have been discussed in length in the literature [48-51] and suggest the following engineeringapproach.First,the‘ProcessInput’isdefinedbyspecifyingtheuserrequirements,needs,andobjectivesinclud- ingapplication,constraints,andenvironment.Inadditiontoinputrequirements,proc",79609
100_OpenLH_Open_Liquid_Handling_System_for_Creative_Experimentation_with_Biology.md,OpenLH Open Liquid Handling System for Creative Experimentation with Biology,,0,https://github.com/uArm-Developer/pyuarm,,,,$15.00.,"Existing tools that already contribute to ACMISBN978-1-4503-6196-5/19/03...$15.00. http://dx.doi.org/10.1145/3294109.3295619 55 Talk Session 2: Learning and Entertainment TEI'19, March 17--20, 2019, Tempe, AZ, USA thedemocratizationofbiologicalprototypinginclu",,,"Thisprocess,if forprofitorcommercialadvantageandthatcopiesbearthisnoticeandthefullcitation onthefirstpage.CopyrightsforcomponentsofthisworkownedbyothersthanACM realized,maybesimilartoprevioustechnologicalshiftsfrom mustbehonored.Abstractingwithcreditispermitted.Tocopyotherwise,orrepublish, high-endi","The anddesignfilesareavailableinthesupplementarymaterials, dependencyonaspecific,commercial,roboticarmmaybe- and updated versions will be shared online on the project’s comealimitationinthefuture,howeverwithlittleadjustments Instructablespage[23]. thesystemcansupportmanyotherroboticarmswithsimilar a","This is the main limitation but also differentiation is37◦C).Inorderforthebacteriatobecolorfulweusedthe E.colistrainNEBTurbo,thecolorwasinducedby3different | of the OpenLH | system | in a bioprinting | context, | most high- | | | | | | | -------------------------------------------------- | ------ | ",63673
101_Analytical_Measurements_and_Efficient_Process_Generation_Using_a_Dual_Arm_Robot_Equipped_with_Electronic_Pipettes.md,Analytical Measurements and Efficient Process Generation Using a Dual Arm Robot Equipped with Electronic Pipettes,,0,,,,,,,,,"In general, processes using dual-arm robots can be executedinoneofthreebasicoperationmodes: Non-coordinatedoperation(eacharmexecutesanown independent process), goal-coordinated operation (both arms execute one process), and coordinated bimanual operation (both arms are necessary to execute one proce","DrawbackofManualPipetting Common manual piston-stroke pipettes have a fixed volume or a variable volume ranging typicallyfrom1µLupto10,000µL.Single-andmulti-channeldesignsupto12channelsareavailable.",,79367
103_3D_Printing_of_Individualized_Microfluidic_Chips_with_DLP_Based_Printer.md,3D Printing of Individualized Microfluidic Chips with DLP Based Printer,,0,,CC-BY,article,This article is an open access article distributed under the terms and conditions of the Creative Commons Attribution (CC BY) license (https:// creativecommons.org/licenses/by/ 4.0/).,,,,,"In the past decade, 3D printing technology has experienced rapid development, with its most prominent advantage being the ability to achieve customized and small-batch production, independent of manufacturing costs and production volume.","Particularly, within the range of 100-200 µm, there is considerable size error in the X direction, which may be due to limitations in the pixel resolution of the projection, making it difﬁcult to accurately solidify the resin at the edges of the open channels.","Therefore, for open microchannel designs, the accuracy of the channel formed at the interface with the transparent sealant is less than that of directly printed channels, due to the limitations of the resolution of the DLP printer.",77433
104_Melt_Electrowriting_of_Nylon_12_Microfibers_with_an_Open_Source_3D_Printer.md,Melt Electrowriting of Nylon 12 Microfibers with an Open Source 3D Printer,,0,,,,,$500,"For detailed infor- usedtodeterminesignificancebetweengroups,withapvalueof mation regarding the assembly and control of the cylindrical lessthan0.05indicatingstatisticalsignificance. collector,consultthesupportingCADmodelsandtheprovided Thesamples’thermalprope",5min,"A long-term effect of polymer heating can be ob- 5min.170°Cwaschosenastheannealingtemperaturetoavoid served in the nozzle, where the deposited nylon-12 undergoes complete layer melting and consequent fiber shape loss while prolongeddegradationoverseveraldays,r","ExplodedviewdrawingoftheMEWronprinterwitha)heatedflatandcylindricalcollector.b)Printheadassemblyanditscomponents.c) Overviewofthecylindricalcollector,andd)detailedassemblyforthecylindricalcollectorcomponentsandhowtheyareintegratedintotheprinter system. solidificationdynamics,toachievecomplexsamplesa",DataAvailabilityStatement | The DSC | measurements | | of both | the annealed | and untreated | | | | | | | | | | | ------- | ------------ | --- | ------- | ------------ | ------------- | --- | --- | --- | --- | --- | --- | --- | --- | --- | Thedatathatsupportthefindingsofthisstudyareavailablefromth,"A. onvariousaspectsofthenylon-12fabricationprocesshavepro- Clements,D.W.Hutmacher,Biomaterials2019,63,190. vided valuable insights into the capabilities and limitations of [5] P.G.Saiz,A.Reizabal,J.L.Vilas-Vilela,S.Lanceros-Mendez,P.D. the MEWron 3D printer.",48134
105_A_cost_effective_and_open_source_near_field_electrospinning_system_with_a_graphical_user_interface.md,A cost effective and open source near field electrospinning system with a graphical user interface,https://doi.org/10.17605/OSF.IO/GK6PC,1,,CC-BY-SA,artifact (spec table),CC BY-SA — CC BY-SA 4.0 Cost of hardware USD 1200 Source file repositor,,,,,"Achieving such precision, however, requires careful opti- mization and control of multiple parameters, including the applied voltage, polymer concentration, solution viscosity, ambient temperature and humidity, the distance between the syringe tip and the collector, the type of collector, and its mo","To address these limitations, an open-source near-field electrospinning system was developed.","However, this limitation can be addressed by adjusting the lens position-either by screwing it inward or outward-to achieve proper focus.",79564
107_mSLAb_An_open_source_masked_stereolithography_mSLA_bioprinter.md,mSLAb An open source masked stereolithography mSLA bioprinter,,0,,CC-BY-SA,artifact (spec table),CC-BY-SA — Location of the file CC-BY-SA 4.0 CC-BY-SA 4.0 CC-BY-SA 4.0,€350,"With mSLAb, we present a low-cost and open-source high-resolution 3D bioprinter based on masked SLA (mSLA). mSLAb is based on an entry-level (€350) desktop mSLA printer (Phrozen Sonic Mini 4 K), equipped with temperature control and humidification of the print",,,All required 3D printed parts can be printed with the same printer that is being modified. ◦ The commercially available Lumen X DLP bioprinter by Cellink offers similar pixel resolution (35 µm) and temperature control.,"However, EBP also has disadvantages: The printability of proteinaceous, ECM-based hydrogels is limited: As soft hydrogels with poor mechanical stability, 3D geometries printed from ECM proteins show poor shape fidelity and easily collapse under their own weight.","Compared to other techniques, the resolution is rela- tively low because it is limited by the nozzle diameter, which ranges typically from about 100 µm to a few mm [8,9].",57075
108_Homebrew_photolithography_for_the_rapid_and_low_cost_Do_It_Yourself_prototyping_of_microfluidic_devices.md,Homebrew photolithography for the rapid and low cost Do It Yourself prototyping of microfluidic devices,,0,,CC-BY,article,This article is licensed under CC-BY 4.0 | http://pubs.acs.org/journal/acsodf | | | | | | | | | | | | | | Article | | ---------------------------------- | --- | ----------- | ---------------- | --- | --- | --------------- | --- | ------- | ------- | --- | ----,£300.,"From start to finish, the entire process takes under <90 min and costs <£300.",90 minutes,EXPERIMENTALSECTION | harsh and | hazardous | chemicals | such as hydrochloric | | acid and | | | | | | | | | | --------- | --------- | --------- | -------------------- | --- | -------- | ---- | --------- | --- | --- | -------- | ------ | --------- | --- | | |,"Thus, the application of microfluidics is unfortunately microfluidicdevices.Commercialservicesoftenhavelimitations restrictedtothefewappropriatelyresourcedlaboratories.While on design flexibility and customization options, whereas DIY commercial microfluidic wafer production offers convenience photo","We show that our homebrewmethod produces both rectangular and spiral microfluidic channels with better results than can be achieved by SLA 3D printing by comparison, and amenable to bonding into multilayer functionalmicrofluidicdevices.Asthesemethodsarefundamentaltomicrofluidicsmanufacture,weenvisio","Thus, the application of microfluidics is unfortunately microfluidicdevices.Commercialservicesoftenhavelimitations restrictedtothefewappropriatelyresourcedlaboratories.While on design flexibility and customization options, whereas DIY commercial microfluidic wafer production offers convenience photo",83603
109_Mask_free_laser_lithography_for_rapid_and_low_cost_microfluidic_device_fabrication.md,Mask free laser lithography for rapid and low cost microfluidic device fabrication,,0,,,,,$1.00,"Downloaded from pubs.​acs.​org/​ancham/​article-pdf/​90/​23/​13915/​17730534/​ac8b03169.​pdf by UNIV OF TORONTO user on 20 September 2026 ∥ | FABRICELL, | Imperial | College, | | London | SW7 | 2AZ, U.K. | | | | | | | | ---------- | -------- | -------- | --- |",,,"Downloaded from pubs.​acs.​org/​ancham/​article-pdf/​90/​23/​13915/​17730534/​ac8b03169.​pdf by UNIV OF TORONTO user on 20 September 2026 ∥ | FABRICELL, | Imperial | College, | | London | SW7 | 2AZ, U.K. | | | | | | | | ---------- | -------- | -------- | --- | ------ | --- | --------- | --- | --- | ","While this term was originally used to group several however, it too from and often understated techniques where an elastomeric stamp or mold is used to drawbacks.",,61010
118_Modular_microfluidic_systems_cast_from_3D_printed_molds_for_imaging_leukocyte_adherence_to_differentially_treated_endoth.md,Modular microfluidic systems cast from 3D printed molds for imaging leukocyte adherence to differentially treated endoth,,0,,CC-BY,article,"Open Access This article is licensed under a Creative Commons Attribution 4.0 International License, which permits use, sharing, adaptation, distribution and reproduction in any medium or format, as long as you give appropriate credit to the original author(s)",,,,,"However, the availability of customizable, user-designed devices is largely restricted to researchers with expertise in photolithography and access to clean room facilities.",,,50162
119_STARTER_a_stand_alone_reconfigurable_and_translational_organ_on_chip_platform_based_on_modularity_and_open_design_princi.md,STARTER a stand alone reconfigurable and translational organ on chip platform based on modularity and open design princi,https://github.com/TOP-OoC,1,,CC-BY,artifact,"Lab on a Chip Published on 26 January 2026 PAPER Licensed under CC-BY 4.0 STARTER: a stand-alone reconfigurable and translational organ-on-chip platform based on Citethis:LabChip,2026,26,604 modularity and open design principles Aniruddha Paul, *a EricR.",,,,,"Introduction This incompatibility impedes the development of innovative OoC models and hampers their operation and Organ-on-chips (OoCs) are advanced cell culture systems that implementation in relevant end-user settings.4 Therefore, use controlled microfluidic environments to better replicate platf","All range of port and footprint selections, offering freedom to MFBBsconnectto400μmdiameterfluidicportsintheboard module developers while imposing common-sense connected to the channels in the FCB, with the locations of constraints.","However, the types of OoCs compatible and routing module offer the flexibility of realizing a highly with the platform are not limited to these two particular customizablesetoffluidiccircuitsontheplatform. examples, as the strategy of clamping OoCs onto the FCB is agnostictotheOoCmaterialandarchitec",71179
120_Development_of_a_microfluidic_assisted_open_source_3D_bioprinting_system_MOS3S_for_the_engineering_of_hierarchical_tissu.md,Development of a microfluidic assisted open source 3D bioprinting system MOS3S for the engineering of hierarchical tissu,https://data.mendeley.com/datasets/s8bpwp2ryb/1,1,,GPL,artifact (spec table),GNU General Public License — GNU General Public License (GPL) v3.0 Cost of hardware 677 €,€700,"In summary, we demonstrated the successful development of a novel open-source and low-cost microfluidic-assisted extrusion- based 3D bioprinter (MOS3S) which can be assembled with limited efforts and low-budget (<€700), to be used in a variety of ap- plication",,,"Additionally, the majority of commercially available 3D bioprinters are manufactured with limited customization options both in hardware and software, greatly impairing the possibility to adapt the AM system to the required clinical application [18].","EBB has enabled the researchers to deposit a wide range of hydrogels of varying viscosities, as well as high cell density; though the resolution of the printed structures is limited to the range of 200-1000 µm [9].","Lastly, the set of skills and training required to operate and maintain the 3D bioprinting apparatus, as well as high-cost consumable equipment, are further great limitations for the use of AM technologies applied to tissue engineering and regenerative medicine purposes.",57404
121_Hydrogel_Patterns_in_Microfluidic_Devices_by_Do-It-Yourself_UV-Photolithography_Suitable_for_Very_Large-Scale_Integration.md,Hydrogel Patterns in Microfluidic Devices by Do-It-Yourself UV-Photolithography Suitable for Very Large-Scale Integration,,0,,,,,,,,,"The miniaturization potential and the integration degree of the microfluidic circuits depend on the capability of the photolithographic process to pattern hydrogellayerswithhighresolution,andtheytypicallyrequireexpensivecleanroomequipment.","The smallest feature size of the of the mask resolution was limited to 10 rangedecreasedsignificantlyand,thus,remainedopenforfurtheroptimization.","Consequently, the conversion in microfluidic devices with hydrogel-enzyme pillars polymerized with an exposure time of 15 s was chosen as standard parameter, as this was the best trade-off between sufficient polymerization times for the different pillar diameters without inhomogeneities.",97215
122_Commit_Digital_pipette_open_hardware_for_liquid_transfer_in_self-driving_laboratories.md,Commit Digital pipette open hardware for liquid transfer in self-driving laboratories,https://github.com/ac-rad/digital-pipette-v2 | https://github.com/machineagency/science-,2,,,,,350USD,"Our pipette can be built for under 300 eredvolumeV ,thesystematicerrorh,andtherandomerrorC . | | | | | | | | | | | | | | s | | v | | --- | --- | --- | --- | --- | --- | --- | --- | --- | --- | --- | --- | --- | --- | --- | --- | USD, which falls within the typ",10 minutes,"For | pipette tip | | | Est.3DprintingcostforPLAparts(platform,cover) | | | | | | 35 | | | | | | | | | xed Est.3Dprintingcostforresinparts(syringe,plunger) 125 removal, the robot moves to a position to hook the Electronicparts(Arduino,cables,connectors) 40 pi","Although several open-source liquid | | | | | | | handling | tools | have been developed | | for gantry-type | robots,6,7 | | | ------------ | ------------ | ----------- | ----- | ------- | --- | -------- | ----- | ------------------- | --- | --------------- | ---------- | --- | | spaces using | gan","In this commit paper, we present the digital pipette v2, an updated design that mitigates contaminationriskbyallowingroboticarmstoexchangepipettetips.Thenewhardwareachievesliquid DOI:10.1039/d5dd00336a handlingaccuracywithinthepermissibleerrorrangedefinedbyISO8655-2,supportingabroaderrange | rsc.li/","Although several open-source liquid | | | | | | | handling | tools | have been developed | | for gantry-type | robots,6,7 | | | ------------ | ------------ | ----------- | ----- | ------- | --- | -------- | ----- | ------------------- | --- | --------------- | ---------- | --- | | spaces using | gan",37733
123_A_desktop_multi_material_3D_bio_printing_system_with_open_source_hardware_and_software.md,A desktop multi material 3D bio printing system with open source hardware and software,,0,,,,,,,6 minutes,"Lipson, H. and Kurman, M., “Fabricated: The New World of 3D 6 minutes, feed rate 180 mm/min and applied pneumatic pressure 300 Printing,” John Wiley & Sons, pp. 1-5, 2013. kPa. 2.",A system capable of printing a variety of bio-materials through various methods is required for fabrication of hybrid scaffolds for tissue engineering research.,"The mechanical extrusion showed the temperatures of thermoplastic biopolymers to obtain the best printing advantage of accurate dispensing, and thus, was used for dispensing performance. high viscous bio-materials, such as ceramic or TCP (Tri Calcium The developed 3D bio-printing system was located ","Printing α-TCP is challenging because there are strong interactions To not limit the usage of the developed bio-printing system to a between the particles and it solidifies easily after mixing with hydrogel. single material, 3D hybrid scaffolds ware fabricated with composite Thus, the pneumatic extr",33913
124_Design_of_Multi_nozzle_Bio_3D_Printer_System_Based_on_Marlin_Firmware.md,Design of Multi nozzle Bio 3D Printer System Based on Marlin Firmware,,0,,,,,,,,,"The 3D printer designed in this paper uses ATmega2560 as the main control chip,whichreducesthepowerconsumptionandpriceoftheprinterwhileachieving printing;itadoptstheXYZCartesiancoordinatesystemtomovetheframe,andthe printingrangeis300*300*300tomeettheprintingrequirementsofdifferentsizes.","Finally, the feasibility andadvancementofthesystemareprovedbyexperimentaltests. · · · Keywords Multi-nozzle 3Dprinting Rapidprototyping Pneumaticextrusion 103.1 Introduction Biological 3D printing is a cross-application of 3D technology in the field of biomedicine,whichhasimportantresearchsignifican",,17865
125_Large_volume_syringe_pump_extruder_for_desktop_3D_printers.md,Large volume syringe pump extruder for desktop 3D printers,https://3dprint.nih.gov/discover/3dpx-008366 | https://www.thingiverse.com/thing:20733 | https://3dprint.nih.gov/discover/3dpx- | https://www.thingiverse.com/thing:21788(,4,,CC-BY,artifact,Specificationstable[pleasefillinright-handcolumnofthetablebelow] | Hardwarename | | | | LargeVolumeExtruder(LVE) | | | ------------ | --- | --- | --- | ------------------------ | --- | Subjectarea EducationalToolsandOpenSourceAlternativestoExistingInfrastructu,$49.27,Specificationstable[pleasefillinright-handcolumnofthetablebelow] | Hardwarename | | | | LargeVolumeExtruder(LVE) | | | ------------ | --- | --- | --- | ------------------------ | --- | Subjectarea EducationalToolsandOpenSourceAlternativestoExistingInfrastructu,,,HardwareX 3 (2018) 49-61 ContentslistsavailableatScienceDirect HardwareX | | | journal | homepage: | www.elsevier.com/locate/ohx | | | -------- | ------- | ------------ | --------- | --------------------------- | ----------- | | Hardware | Article | | | | | | Large | volume | syringe pump | extruder,"Volume Currentsyringepumpextrudersaretypicallylargevolumeorhighresolution,butnotboth.Commercialandopensourcesyringe- basedbioprintersareoftendirect-extrusionsystemswherethefluidreservoirisincorporatedintotheextrudercarriage.Thisisof central importance for large volume syringes, where the added mass ","Such systems are typically pneu- matically driven, but this has limitations, including extrusion pressure that varies with the amount of material remaining in the reservoir and the need to apply vacuum during printing to enable retraction.",45257
126_Systematic_design_of_an_advanced_open_source_3D_bioprinter_for_extrusion_and_electrohydrodynamic_based_processes.md,Systematic design of an advanced open source 3D bioprinter for extrusion and electrohydrodynamic based processes,,0,,,,,$3000,"After preparation, | all materials | were stored | | Four popular | extrusion | and electrohydrodynamic-based | pro- | | | | | cesses were tested to evaluate the performance of the intoa2-mlsyringe(3cc,Nordson). | 2546 | | | | | Int J Adv Manuf Technol (2021) ",,,"The design requirements were identified through a user-centred design process with the overarching aim of being a multi- material, multi-technology system while adhering to engineering standards (AS IEC 61010).",Our design differs from commercial limited to 90 °C.,,68109
