n,title,doi,year,fulltext,md_match,table_cost,corpus_cost,cost_disagreement,cost_gap,fulltext_cost,table_license,corpus_licence,corpus_licence_source,licence_disagreement,licence_gap,repo_host_licence,fulltext_licence,table_repo,corpus_repo,repo_disagreement,repo_gap,verified_text_repo,files,files_gap,candidate_urls,si_mentions,availability_statement,licence_strong_in_text,licence_cc_near_design,cost_phrases,open_source_resources,actions,si_files,si_notes,lead_verified,lead_action
001,3D bioprinting of collagen-based high-resolution internally perfusable scaffolds for engineering fully biologic tissue systems,10.1126/sciadv.adu5905,2025,yes,manifest,,,,missing,,,,,,missing,,,,,,missing,,,none,,4,materials availability: All data needed to evaluate the conclusions in the paper are present in,,,$1500) desktop plastic,,"repo: read availability statement; licence: only the article CC licence in text; cost: text has ""$1500) desktop plastic""",,,"Zenodo 10.5281/zenodo.14975240 (CC-BY-4.0, 1 file, 2025) and 10.5281/zenodo.7135874 (Replistruder 5, CC-BY-4.0; the paper cites 7135873, which redirects); 3d.nih.gov/users/awfeinberg reachable. Paper text says CC-BY-SA, Zenodo records say CC-BY-4.0 -- record the deposit licence.",add repo + licence
002,A 3D-Printed Plate Handler for Automated Handling of Well Plates on the Opentrons OT-2,10.5206/joh.v9i1.22756,2025,yes,fuzzy 1.00,,GBP 81.34 (add-on parts only),corpus adds,,,,,,,missing,,,,,,missing,,,none,https://github.com/Robertbolt97/Claw-with-OT-2 | https://doi.org/10.5281/zenodo.15394622 | https://www.thingiverse.com/thing:2563118,1,,CERN-OHL-S Strongly reciprocal,,"total cost for these components was £81.34 | £81.34, this",,repo: 3 candidate URLs in text; licence: text names CERN-OHL-S Strongly reciprocal,,,"github.com/Robertbolt97/Claw-with-OT-2 (MIT, pushed 2025-05-13) mirrored at Zenodo 10.5281/zenodo.15394622 (MIT). Thingiverse thing:2563118 is a third-party Petri-dish gripper (CC-BY-4.0) the design builds on, not the paper's files.",add repo + licence MIT
003,A cost-effective and open-source near-field electrospinning system with a graphical user interface,10.1016/j.ohx.2025.e00691,2025,yes,manifest,1200 USD,1200 USD,,,,,CC-BY-SA,specifications table,corpus adds,,,,,https://doi.org/10.17605/OSF.IO/GK6PC,corpus adds,,https://doi.org/10.17605/OSF.IO/GK6PC,cad software,,,2,,OSHWA,CC BY | CC BY | CC BY,,design files available on OSF website | Design files on OSF website,,,,,
004,A high performance open-source syringe extruder optimized for extrusion and retraction during FRESH 3D bioprinting,10.1016/j.ohx.2020.e00170,2021,yes,manifest,141 USD + 3D Printer,141 USD + 3D Printer,,,,,CC-BY-SA,specifications table,corpus adds,,,,,,,missing,,cad software,,https://doi.org/10.5281/zenodo.4119127 | https://doi.org/10.5281/zenodo,0,,,CC-BY-SA 4.0 | CC BY-SA 4.0 | CC-BY-SA 4.0,"$150 | $5,000-$120,000 (Cellink, Allevi, EnvisionTEC) incorpora | $10,000), can only prevent leakage with low viscosity ink","CAD File, install guide | CAD files and install guide (HardwareX)",repo: 2 candidate URLs in text,,,"Zenodo 10.5281/zenodo.4119127 (Replistruder 4 CAD/STL, CC-BY-4.0, 2020).",add repo + licence
005,"A Low-Cost, Open-Source 3D Printer for Multimaterial and High-Throughput Direct Ink Writing of Soft and Living Materials",10.1002/adma.202414971,2025,yes,manifest,250 USD,250 USD,,,,,,,,missing,,,,https://github.com/weiss-jonathan/Printess-Low-Cost-3D-Printer,corpus adds,,https://github.com/weiss-jonathan/Printess-Low-Cost-3D-Printer,cad documentation software,,https://doi.org/10.5281/ | https://doi.org/10.5281/zenodo.14579955,3,,,,"$200 000, and often present researchers with a closed | $250 bottom-up open- betemperature-controlledwithacust | $250(TableS2,SupportingInformation)","CAD files, Github - instructions and software | Wide range of inks/viscosities and curing chemistries, incl. cell-laden biological materials",licence: check repo LICENSE file,005_adma202414971-sup-0001-suppmat.docx,"SI names the Zenodo deposit 10.5281/zenodo.14579955 alongside the GitHub repository; cost breakdown $1370 total, $900/$169/$200 parts.",,
006,A robot-assisted acoustofluidic end effector,10.1038/s41467-022-34167-y,2022,yes,fuzzy 1.00,,,,missing,,,,,,missing,,,,,,missing,,,none,,40,,,,"$5,000.https://opentrons | $10,000.https://",,"repo: check SI; cost: text has ""$5,000.https://opentrons""",006_MOESM1_ESM.pdf | 006_MOESM2_ESM.pdf | 006_MOESM16_ESM.pdf | 006_Supplementary_Data/,SI holds the robot-control code (Python for the Dorna arm) and source data; no repository or licence. The article text prices the device at under $20 excluding the arm -- now the curated cost.,,
007,A simple method of fabricating mask-free microfluidic devices for biological analysis,10.1063/1.3487796,2010,yes,number,,,,missing,,,,,,missing,,,,,,missing,,,none,,0,,,,$30.00,,"repo: none in text; cost: text has ""$30.00""",,,,
008,A Versatile Open-Source Printhead for Low-Cost 3D Microextrusion-Based Bioprinting,10.3390/polym12102346,2020,yes,manifest,<70 USD,<70 USD,,,,,,,,missing,,,,https://3dprint.nih.gov/users/telab,corpus adds,,https://3dprint.nih.gov/users/telab,,none,https://github.com/slic3r/Slic3r,1,,,,"US$10,000–40,000)positionalprecisionbetween10and50µm[23] | US$2000)",GitHub and NIH 3D Print Exchange,licence: check repo LICENSE file; files: inventory the repository,,,,
009,An open source extrusion bioprinter based on the E3D motion system and tool changer to enable FRESH and multimaterial bioprinting,10.1038/s41598-021-00931-1,2021,yes,fuzzy 0.92,,,,missing,,,,,,missing,,,,,,missing,,,none,,6,Data availability,,,,,repo: read availability statement; licence: only the article CC licence in text,009_MOESM4_ESM.docx | 009_MOESM1_ESM.xlsx | 009_Printer_components_STL_and_STEP_files/ | 009_Slicing_profiles_configuration_files_and_macros/,"SI is the whole build package: BOM (no prices), 28 STL/STEP files, Duet configuration, macros and firmware, slicer profiles -- now curated as CAD, BOM and firmware assets. No repository, no licence, no cost anywhere.","Availability statement: STL files, scripts and bill of materials are in the Supplementary Information of 10.1038/s41598-021-00931-1 (open access, nature.com); data on request. No repository.",fetch SI
010,An Open-Source 3D Bioprinter Using Direct Light Processing for Tissue Engineering Applications,10.3390/inventions10050092,2025,yes,manifest,,2045 EUR (excluding the projection system),corpus adds,,,,,,,missing,,,,https://osf.io/nzfer,corpus adds,,https://osf.io/nzfer,,none,,0,,,,,,licence: check repo LICENSE file; files: inventory the repository,,,,
011,Analytical Measurements and Efficient Process Generation Using a Dual–Arm Robot Equipped with Electronic Pipettes,10.3390/en11102567,2018,yes,manifest,,,,missing,,,,,,missing,,,,,,missing,,,none,,0,,,,,,repo: none in text; licence: only the article CC licence in text,,,,
012,"BioCloneBot: A versatile, low-cost, and open-source automated liquid handler",10.1016/j.ohx.2024.e00516,2024,yes,manifest,,"$1,151.75 CAD (~$850)",corpus adds,,,,GPL,paper text,corpus adds,,,,https://github.com/KoaCWells/BioCloneBot,https://github.com/KoaCWells/BioCloneBot,,,,,none,https://doi.org/10.17605/OSF.IO/QDP7V | https://www.thingiverse.com/thing:3405002.(Accessed07August2023,2,,GPLv3.0,,"$2000CAD | $8,700 CAD and quickly rises to | $12,000CADafteraddingaP20andaP300automatedpipette[22]",,files: inventory the repository,,,,
013,Commit: Digital pipette: open hardware for liquid transfer in self-driving laboratories,10.1039/d5dd00336a,2026,yes,manifest,300 USD,300 USD,,,,CC BY 3.0 (per RSC page),,,TABLE ONLY,missing,,,,https://github.com/ac-rad/digital-pipette-v2,corpus adds,,https://github.com/ac-rad/digital-pipette-v2,cad documentation,,https://github.com/ | https://doi.org/10.5281/zenodo.17549134 | https://github.com/machineagency/science-,1,"Data availability 6 10cc Syringe Tool, https://jubilee3d.com/index.php?",,,,GitHub | Design files and documentation on GitHub,licence: check repo LICENSE file,,,,
014,"Design and implementation of a low cost bio-printer modification, allowing for switching between plastic and gel extrusion",10.1016/j.ohx.2021.e00186,2021,yes,manifest,,300 (excluding the cost of the printer),corpus adds,no currency,,,,,,missing,,,,,,missing,,,none,https://github.com/prusa3d/Prusa-Firmware,0,,,CC BY-SA 4.0 | CC BY-SA 4.0 | CC BY-SA 4.0,000 USD for the most basic system and going up to several | 5000 USD is still expensive for a single purpose education | 300 USD for a two extruder system,,"repo: 1 candidate URL in text; licence: CC BY-SA 4.0 stated near design files; currency: text has ""000 USD for the most basic system and going up to several""",,,,
015,Design and Implementation of an Accessible 3D Bioprinter: Benchmarking the Performance of a Home-Made Bioprinter against a Professional Bioprinter,10.3390/app131810213,2023,yes,manifest,,,,missing,,,,,,missing,,,,,,missing,,,none,https://github.com/Ultimaker/Cura/releases,1,Data Availability Statement: Not applicable.,,,,,repo: 1 candidate URL in text; licence: only the article CC licence in text,,,Data availability: not applicable. No files anywhere.,honest gap
016,Design and Validation of a Piston-Driven Syringe-Extrusion Bioprinter Using an FDM Frame,10.3390/biomimetics10120811,2024,yes,manifest,,,,missing,,,,,,missing,,,,,,missing,,,none,,3,Data Availability Statement: The raw data supporting the conclusions of this article will be made,,,,,repo: read availability statement; licence: only the article CC licence in text,,,Raw data on request; SI is one video. No files.,honest gap
017,Design and Validation of an Open-Hardware Print-Head for Bioprinting Application,10.1016/j.proeng.2015.07.015,2015,yes,manifest,,,,missing,,,GPL-2.0,repository host,corpus adds,,GPL-2.0,,,https://github.com/CentroEPiaggio/IPJ-Bio,corpus adds,,https://github.com/CentroEPiaggio/IPJ-Bio,,none,,0,,,,,,files: inventory the repository,,,,
018,"Design of an Open-Source, Low-Cost Bioink and Food Melt Extrusion 3D Printer",10.3791/59834,2020,yes,number,,240,corpus adds,no currency,,,,,,missing,,,,,,missing,,protocol,,https://github.com/,5,,,,"$13.000,00 and $300 | $3,85 and $100 | $260,00*orlessthan*$120,00ifrecycled DVD-ROMdriverstogett",,"repo: 1 candidate URL in text; licence: only the article CC licence in text; currency: text has ""$13.000,00 and $300""",,,,
019,Designing cost-effective open-source multihead 3D bioprinters,10.1089/genbio.2022.0021,2022,yes,fuzzy 1.00,,,,missing,,,,,,missing,,,,,,missing,,,none,,12,"Data Availability ender-3-3d-printer[Lastaccessed:November11,2021].",,,"$400USD | $10,000 to | $1,000,000USD",,"repo: read availability statement; cost: text has ""$400USD""",,,"Mendeley Data 10.17632/9rwbkf5p4g.1 (CC BY 4.0, published 2022-08-11): 'all the supporting 3D printer design and data files'.",add repo + licence
020,Development and implementation of a significantly low-cost 3D bioprinter using recycled scrap material,10.3389/fbioe.2023.1108396,2023,yes,fuzzy 1.00,260 USD,260 USD,,,,,,,,missing,,,,,,missing,,cad schematics,,https://github.com/,5,,,,"$13.000,00 and $300 | $3,85 and $100 | $260,00*orlessthan*$120,00ifrecycled DVD-ROMdriverstogett","GitHub, CAD files, assembly schematics",repo: 1 candidate URL in text; licence: only the article CC licence in text,,,,
021,Development of a high-performance open-source 3D bioprinter,10.1038/s41598-022-26809-4,2022,yes,number,,<$900,corpus adds,,,,,,,missing,,,,,,missing,,,none,,6,Data availability,,,"$5000 to over $1,000,000 | total cost of less than $900. | $1000 bioprinter",,repo: read availability statement; licence: only the article CC licence in text,,,"Zenodo 10.5281/zenodo.4119127 (Replistruder 4, CC-BY-4.0) and 10.5281/zenodo.7496012 (FlashForge Finder conversion, CC-BY-4.0, 2 files).",add repo + licence
022,Development of a microfluidic-assisted open-source 3D bioprinting system (MOS3S) for the engineering of hierarchical tissues,10.1016/j.ohx.2024.e00527,2024,yes,manifest,,677 EUR (~$730),corpus adds,,,,,,,missing,,,,,,missing,,,none,,2,,GNU General Public License | GPLv3,,"€700), to be used in a variety of ap-",,"repo: check SI; licence: text names GNU General Public License, GPLv3",022_mmc1-4.pdf,The HardwareX specifications table names Mendeley 10.17632/s8bpwp2ryb.1 and GPLv3 -- both now in the corpus (the SI said the same).,,
023,Extrusion-Based Bioprinting in a Cost-Effective Bioprinter,10.3390/machines12080518,2024,yes,manifest,,"<$1,500",corpus adds,,,,,,,missing,,,,,,missing,,,none,,1,Data Availability Statement: Data are contained within the article.,,,,,repo: read availability statement; licence: only the article CC licence in text,,,Data contained within the article. No files.,honest gap
024,Fabrication and validation of an affordable DIY coaxial 3D extrusion bioprinter,10.1038/s41598-025-06478-9,2025,yes,number,,<600 EUR (~$650),corpus adds,,,,,,,missing,,,,,,missing,,,none,https://github.com/slic3r/Slic3r,1,,,,"US$10,000–40,000)positionalprecisionbetween10and50µm[23] | US$2000)",,repo: 1 candidate URL in text; licence: only the article CC licence in text,,,,
025,FINDUS: An Open-Source 3D Printable Liquid-Handling Workstation for Laboratory Automation in Life Sciences,10.1177/2472630319877374,2020,yes,manifest,,<$400,corpus adds,,,,GPL-3.0,repository host,corpus adds,,GPL-3.0,,https://github.com/FBarthels/FINDUS,https://github.com/FBarthels/FINDUS,,,,,none,https://github.com/ | https://www.thingiverse.com | https://www.thingiverse.com/thing:255519 | https://github.com/laurb9/,0,,MIT license | BSD,CC-BY-SA 3.0 | CC-BY-SA 2.0,"$400. | $30,000) for academic research institutions | $4000)33 and contain an XYZ-gantry system that stepper",,files: inventory the repository,025_mmc1-suppl-2.pdf,SI is build documentation; the repository is already in the corpus.,,
026,"Homebrew photolithography for the rapid and low-cost,“Do It Yourself” prototyping of microfluidic devices",10.1021/acsomega.3c05544,2023,yes,manifest,,<300 GBP,corpus adds,,,,,,,missing,,,,,,missing,,,none,,1,,,,"£300. With SU8 epoxy negative photoresist and a chrome | £1000each,dependingonthe | £100K | 15 | | | | | |",,repo: check SI; licence: only the article CC licence in text,026_ao3c05544_si_003.pdf,"SI is the spincoater build guide; CAD only as figures, 3D files 'available upon reasonable request'. Repository and licence are honest gaps.",,
027,Leveraging flexible pipette-based tool changes to transform liquid handling systems into dual-function sample preparation and imaging platforms,10.1016/j.ohx.2025.e00653,2025,yes,manifest,,,,missing,,,,,,missing,,,,,,missing,,,none,,3,,,CCBY4.0 | CCBY4.0 | CCBY4.0,"$10,000USD(OT-2)+$110USD(HardwareModule) | $10,000 $10,000 LabX Other | $88.08 $88",,"repo: check SI; licence: CCBY4.0 stated near design files; cost: text has ""$10,000USD(OT-2)+$110USD(HardwareModule)""",027_mmc1.mp4,"SI is an assembly video. The HardwareX specifications table (missed because the extraction ran its words together) states licence CC BY 4.0, cost $110 USD module + $10,000 OT-2, repository Mendeley 10.17632/xc5488grcv.3 -- all three now in the corpus.",,
028,"Low-cost, versatile, and highly reproducible microfabrication pipeline to generate 3D-printed customised cell culture devices with complex designs",10.1371/journal.pbio.3002503,2024,yes,number,,,,missing,,,,,,missing,,,,,,missing,,,none,https://doi.org/10.17605/OSF.IO/39WSB | https://doi.org/10.17605/OSF.IO/,5,,GPLv3,,"6000 EUR for four reactors (1600 EUR fixed cost, 1100 EUR | 1610 EUR | 1110 EUR, respectively",,"repo: 2 candidate URLs in text; licence: text names GPLv3; cost: text has ""6000 EUR for four reactors (1600 EUR fixed cost, 1100 EUR""",,,"github.com/SerioLab/SOL3D (license=none pushed=2023-10-16 desc=A public resource and design repository from the Serio Lab for microfabrication ), named in the text. The audit's OSF lead (OSF.IO/39WSB) was BIO-SPEC's (049) and is dropped.",add repo
029,Mask-free laser lithography for rapid and low-cost microfluidic device fabrication,10.1021/acs.analchem.8b03169,2018,yes,manifest,,,,missing,,,,,,missing,,,,,,missing,,,none,,5,,,,$1.00perchipcouldsignificantlydemocratizedevicefabricat,,"repo: check SI; cost: text has ""$1.00perchipcouldsignificantlydemocratizedevicefabricat""",029_ac8b03169_si_001.pdf,"SI is a chemical-compatibility table; nothing on files, licence or cost. Honest gap.",,
030,Nydus One Syringe Extruder (NOSE): A Prusa i3 3D printer conversion for bioprinting applications,10.1016/j.ohx.2019.e00069,2019,yes,fuzzy 1.00,,90 (excluding printer),corpus adds,no currency,,,,,,missing,,,,,,missing,,,none,https://osf.io/8c9qr | https://github.com/NydusOne/gcode- | https://osf.io/ | https://www.instructables.com/id/DIY-BioPrinter/,2,,GPLv3,,,,repo: 4 candidate URLs in text; licence: text names GPLv3,030_mmc2.zip,"STL set (probable attribution: files dated June 2019, NOSE published 2019 and names the syringe holder): Adapter, Press, Servoholder, Syringeholder -- design files to inventory.","OSF registration osf.io/8c9qr 'Nydus One Syringe Extruder Bioprinter' (exists; paper states GPLv3 for design, firmware and software, cost ~90 EUR); software also at github.com/NydusOne/gcode-composer (MIT, pushed 2023-04-23). Instructables DIY-BioPrinter is a cited precursor, not the paper's files.",add repo (OSF) + licence GPLv3 + cost
031,Open-source cell culture automation system with integrated cell counting for passaging microplate cultures,10.1093/pnasnexus/pgaf385,2025,yes,number,,,,missing,,,,,,missing,,,,,,missing,,,none,https://github.com/ | https://github.com/czbiohub-sf/2024-accs-pub,13,Data Availability,,,"$18,250 (26)), but an automated liquid handler would have",,"repo: 2 candidate URLs in text; licence: only the article CC licence in text; cost: text has ""$18,250 (26)), but an automated liquid handler would have""",,,"github.com/czbiohub-sf/2024-accs-pub (no licence file, pushed 2026-01-22).",add repo; licence still missing
032,Open-source hybrid 3D-bioprinter for simultaneous printing of thermoplastics and hydrogels,10.1016/j.ohx.2021.e00230,2021,yes,manifest,,1150,corpus adds,no currency,,,GPL,paper text,corpus adds,,,,https://doi.org/10.17632/ywb5zdjk5x.1,https://doi.org/10.17632/ywb5zdjk5x.1,,,,,none,https://www.instructables.com/Syringe-Extruder/ | https://www.thingiverse.com/thing:2995480 | https://github.com/makerbase-mks/MKS-RUMBA-Plus/tree/master/hardware/MKS%20RUMBA%2B%20V1,0,,GPLv3,,€ 769.00€ PrusaResearch PRI-MK3S-KIT-ORG-PEI Non-specific | € 12.10€ NanotecElectronicGmbH& SCREW-ABA-TJBA-200 Metal | € 1.87€ ChristiansTechnikshop RS20-6–4 Metal,,"currency: text has ""€ 769.00€ PrusaResearch PRI-MK3S-KIT-ORG-PEI Non-specific""; files: inventory the repository",,,,
033,Open-source personal pipetting robots with live-cell incubation and microscopy compatibility,10.1038/s41467-022-30643-7,2022,yes,number,600-800 USD,600-800 USD,,,,,MIT,repository host,corpus adds,,MIT,,https://github.com/CSDGroup/PHIL,https://github.com/CSDGroup/PHIL,,,,documentation,,https://github.com/hinderling/fabscope | https://github.com/spsalmon/towbintools_pipeline | https://github.com/spsalmon/towbintools | https://github.com/openMLA,2,Data availability,BSD,CC-BY 4.0,$162 | $162per0 | $300),"GitHub and authors' website, instructions in paper | GitHub and authors' website; instructions in paper",,,,,
034,"Open-source, community-driven microfluidics with Metafluidics",10.1038/nbt.3873,2017,yes,fuzzy 1.00,,,,missing,,,,,,missing,,,,,,missing,,,none,,8,,Apache,,$0.10–0,,"repo: check SI; licence: text names Apache; cost: text has ""$0.10–0""",034_MOESM21_ESM.pdf,"SI is figures and methods. The repository is metafluidics.org itself, still online -- now the record's link. Article licence CC BY-NC-SA is not a design licence.",,
035,OpenLH: Open Liquid-Handling System for Creative Experimentation with Biology,10.1145/3294109.3295619,2019,yes,manifest,,"<$1,000",corpus adds,,,,,,,missing,,,,,,missing,,,none,https://www.instructables.com/id/OpenLH/ | https://github.com/uArm-Developer/pyuarm,4,,,,"$15.00. | 129USD)[40],operatingastandard1mlsyringewith mentation,t | 65USD)inacustommade Asweusedthesteppermotorforoperating",,repo: 2 candidate URLs in text,,,instructables.com/OpenLH reachable (200); page states no licence that the scrape could read.,add link; licence unknown
036,OpenWorkstation: A modular open-source technology for automated in vitro workflows,10.1016/j.ohx.2020.e00152,2020,yes,manifest,,$900 (base),corpus adds,,,,CC-BY-SA-4.0,repository host,corpus adds,,CC-BY-SA-4.0,,https://github.com/SebastianEggert/OpenWorkstation,https://github.com/SebastianEggert/OpenWorkstation,,,,,none,https://doi.org/10.5281/zenodo.3986643 | https://github.com/Smoothieware | https://doi.org/10.5281/zenodo,9,,,CCBY-SA4.0 | CCBY-SA4.0 | CCBY-SA4.0,$900 | $4070 | $675,,files: inventory the repository,036_mmc1-3.pdf | 036_mmc2.pdf | 036_mmc3.xlsx,"SI holds the full bill of materials (117 priced lines, AUD 26,918 ~ USD 14,413) and step-by-step build instructions -- files can be inventoried from it.",,
037,Principles of computer-controlled linear motion applied to an open-source affordable liquid handler for automated micropipetting,10.1038/s41598-020-70465-5,2020,yes,fuzzy 0.92,1500 USD?,1500 USD?,,,,,,,,missing,,,https://openliquidhandler.com/,https://openliquidhandler.com/,,,,cad firmware software,,,12,,,,"$1,500 using | $1,500 and works with most commercially available microp | $ 5,000) is the OT-2 manufactured by","Fully open‑source — CAD files, part lists, firmware, and GUI available online at website | Fully open-source -- CAD files, part lists, firmware, and GUI on project website",licence: check repo LICENSE file,,,,
038,"PyLabRobot: An open-source, hardware-agnostic interface for liquid-handling robots and accessories",10.1101/2023.07.10.547733,2023,yes,manifest,,,,missing,,,MIT,repository host,corpus adds,,MIT,,,https://github.com/PyLabRobot/pylabrobot,corpus adds,,https://github.com/PyLabRobot/pylabrobot,,none,https://github.com/PyLabRobot/ | https://github.com/ | https://github.com/pytest-dev/pytest/ | https://github.com/executablebooks/ | https://github.com/python/mypy | https://github.com/pylint-dev/pylint,0,,,,,,files: inventory the repository,,,,
039,Real-time AI-driven quality control for laboratory automation: a novel computer vision solution for the opentrons OT-2 liquid handling robot,10.1007/s10489-025-06334-3,2025,yes,fuzzy 1.00,,,,missing,,,,,,missing,,,,,,missing,,,none,,0,,,,,,repo: none in text; licence: only the article CC licence in text,,,,
040,Sidekick: A Low-Cost Open-Source 3D-printed liquid dispensing robot,10.1016/j.ohx.2022.e00319,2022,yes,manifest,710 USD,710 USD,,,,,,,,missing,,,,https://github.com/rodolfokeesey/Liquid-Handler,corpus adds,,https://github.com/rodolfokeesey/Liquid-Handler,bom cad documentation firmware pcb,,https://www.instructables.com/Tracey-Drawing-Machine/,0,,,,total cost of $710 | $5000 [7] | $1500 [8],"all CAD, PCB, firmware, and documentation available on GitHub under an open license | All CAD, PCB, firmware, and documentation on GitHub (open license)",licence: check repo LICENSE file,,,,
041,Srishti: a custom-built laser-assisted 3D bioprinter for fabricating high-resolution biological constructs,10.1186/s44330-025-00051-6,2026,yes,fuzzy 1.00,,,,missing,,,,,,missing,,,,,,missing,,,none,,1,Data availability,,,,,repo: read availability statement; licence: only the article CC licence in text,,,Data on request. No files.,honest gap
042,STARTER: a stand-alone reconfigurable and translational organ-on-chip platform based on modularity and open design principles,10.1039/d5lc00756a,2026,yes,manifest,??? (probably expensive due to custom parts),??? (probably expensive due to custom parts),,missing,,,,,,missing,,,,,,missing,,,none,https://github.com/TOP-OoC/,5,Data availability,,CC-BY 4.0,,Not reported,repo: 1 candidate URL in text; licence: CC-BY 4.0 stated near design files,042_d5lc00756a1_suppl.pdf,SI is figures; no repository link or licence.,"github.com/TOP-OoC/Starter-Kit (CC-BY-4.0, pushed 2026-05-06), named in the availability statement.",add repo + licence
043,The Enderstruder: An accessible open-source syringe extruder compatible with Ender series 3D printers,10.1016/j.ohx.2024.e00510,2024,yes,number,,,,missing,,CC-BY-SA 4.0 (per paper specs table),,,TABLE ONLY,missing,,,https://doi.org/10.17605/OSF.IO/9ARYM,https://doi.org/10.17605/OSF.IO/9ARYM,,,,,none,https://bitbucket.org/afaina/evobliss-hardware | https://bitbucket.org/afaina/evobliss-software | https://www.thingiverse.com/thing:2776125,1,,,,"$10,000,theopen-sourcerobotsareatleastoneorderofmagnitudec | $500andeachsyringemodulecosts$100 | $500andeachsyringemodulecosts",,"licence: check repo LICENSE file; cost: text has ""$10,000,theopen-sourcerobotsareatleastoneorderofmagnitudec""; files: inventory the repository",,,,
044,The ‘bIUreactor’: an open-source 3D tissue research platform,10.1007/s10439-024-03481-5,2024,yes,fuzzy 1.00,,8000,corpus adds,no currency,,,,,,missing,,,,,,missing,,,none,,2,,,,"$8,000 including 3D printer, printing resin, and electro",,"repo: check SI; licence: only the article CC licence in text; currency: text has ""$8,000 including 3D printer, printing resin, and electro""",044_MOESM1_ESM.pdf | 044_MOESM2_ESM.pdf | 044_MOESM3_ESM.pdf | 044_MOESM4_ESM.pdf | 044_MOESM5_ESM.pdf,"SI holds the design requirements, drawings, parts list, Arduino firmware, user manual and an itemised cost sheet (kit $7,986 incl. the Form 3B+ printer). PreForm files at github.iu.edu/smitlej, which redirects to an Indiana University login: not public, so not a repository for the corpus.",,
045,Hydrogel Patterns in Microfluidic Devices by Do-It-Yourself UV-Photolithography Suitable for Very Large-Scale Integration,10.3390/mi11050479,2020,yes,manifest,,,,missing,,CC BY 4.0,,,TABLE ONLY,missing,,,,,,missing,,,none,,0,,,,,,repo: none in text; licence: only the article CC licence in text,,,,
046,Adapting a Low-Cost and Open-Source Commercial Pipetting Robot for Nanoliter Liquid Handling,10.1177/2472630320973591,2021,yes,manifest,,"<$6,000",corpus adds,,,,,,,missing,,,,,,missing,,,none,,4,,,,"$6000, including the | $100,000, putting them out of reach of | $50,000 and in addition requires",,repo: check SI,046_mmc1-suppl.pdf,"SI is 1.7k chars: figures only, no link or licence.",,
047,mSLAb–An open-source masked stereolithography (mSLA) bioprinter,10.1016/j.ohx.2024.e00543,2024,yes,manifest,,500 EUR,corpus adds,,,,CC-BY-SA,specifications table,corpus adds,,,,,,,missing,,,none,,4,,,CC-BY-SA 4.0 | CC-BY-SA 4.0 | CC-BY-SA 4.0,€350) desktop mSLA printer (Phrozen Sonic Mini | €500 | €350) mSLA printer (Phrozen Sonic Mini 4 K) with off-t,,repo: check SI,047_mmc1.pdf,SI is supporting figures/methods; no repository link or licence in it.,,
048,LusoBioMaker: A low-cost 3D bioprinter with multi-extrusion and contour printing capabilities for thermo- and photocurable hydrogels towards complex tissue fabrication,10.1016/j.bprint.2025.e00425,2025,yes,manifest,,830.19 (excluding the cost of the printer),corpus adds,no currency,,,,,,missing,,,,,,missing,,documentation,,,7,Data availability,,,"$900 of materi | 500 USD, while more established models such | 000 USD",,"repo: read availability statement; licence: only the article CC licence in text; currency: text has ""$900 of materi""",048_mmc1.pdf,"SI holds the BOM with costs: total 735.56 EUR including the Ender-3 V2 (324.39 EUR), i.e. about 411 EUR of added parts. The curated table said 830.19 excluding the printer, which matches no line of the SI table; the corpus now follows the SI (curated override). No link or licence. BOM curated as an asset.",Availability points to the Supporting Information of 10.1016/j.bprint.2025.e00425; no repository named.,fetch SI
049,BIO-SPEC: An open-source bench-top parallel bioreactor system,10.1016/j.ohx.2025.e00670,2025,yes,manifest,,3000-7000,corpus adds,no currency,,,GPL,specifications table,corpus adds,,,,,https://doi.org/10.17605/OSF.IO/39WSB,corpus adds,,https://doi.org/10.17605/OSF.IO/39WSB,documentation,,https://doi.org/10.17605/OSF.IO/,5,,GPLv3,,"6000 EUR for four reactors (1600 EUR fixed cost, 1100 EUR | 1610 EUR | 1110 EUR, respectively",,"currency: text has ""6000 EUR for four reactors (1600 EUR fixed cost, 1100 EUR""",049_mmc1-2.pdf,"SI restates the cost structure: 6000 EUR for four reactors, 1600 EUR fixed + 1100 EUR per reactor.",,
050,Technical upgrade of an open-source liquid handler to support bacterial colony screening,10.3389/fbioe.2023.1202836,2023,yes,manifest,,N/A (built on ~$7k OT-2),corpus adds,missing,,,,,,missing,,,,https://github.com/sysbio-cnb,corpus adds,,https://github.com/sysbio-cnb,,none,https://github.com/facebookresearch/detectron2,8,Data availability statement Interdisciplinary Platform for Sustainable Plastics towards a,,CCBY,,,licence: CCBY stated near design files; files: inventory the repository,,,,
051,Enhanced Growth of Bacterial Cells in a Smart 3D Printed Bioreactor,10.3390/mi14101829,2023,yes,manifest,,,,missing,,,,,,missing,,,,,,missing,,,none,,0,,,,7EUR) rial1 (,,"repo: none in text; licence: only the article CC licence in text; cost: text has ""7EUR) rial1 (""",,,,
052,A Custom Ultra-Low-Cost 3D Bioprinter Supports Cell Growth and Differentiation,10.3389/fbioe.2020.580889,2020,yes,manifest,,230,corpus adds,no currency,,,,,,missing,,,,,,missing,,,none,https://www.thingiverse.com/,22,DATA AVAILABILITY STATEMENT,,,"$1,370 and is too complicated to be replicated as it was | $1,700,respectively, be applied such as FRESH (Jiang et a | $230), making it one",,"repo: 1 candidate URL in text; licence: only the article CC licence in text; currency: text has ""$1,370 and is too complicated to be replicated as it was""",052_Presentation_1/,"SI is figures, a primer table and six videos; the availability statement's 'repositories named in the Supplementary Material' names none. Honest gap for repository and licence.","Availability: 'repositories named in the article/Supplementary Material' of 10.3389/fbioe.2020.580889; the text names none, so the SI must be read.",fetch SI
053,Teach your microscope how to print: low-cost and rapid-iteration microfabrication for biology,10.1039/d5lc00181a,2025,yes,manifest,,,,missing,,,BSD-3-Clause,repository host,corpus adds,,BSD-3-Clause,,,https://github.com/hinderling/fabscope,corpus adds,,https://github.com/hinderling/fabscope,documentation,,https://github.com/spsalmon/towbintools_pipeline | https://github.com/spsalmon/towbintools | https://github.com/openMLA,2,Data availability,BSD,CC-BY 4.0,$162 | $162per0 | $300),,"cost: text has ""$162""",053_d5lc00181a2_suppl.pdf,SI is calibration figures; no cost.,,
054,Automated Liquid Handler from a 3D Printer,10.1021/acs.jchemed.3c00855,2024,yes,manifest,,325,corpus adds,no currency,,,,,,missing,,,,,,missing,,documentation,,,2,,,,"$325. Arising from an iterative design | US$6,000,and | US$200to$800eachtoacquire",,"repo: check SI; currency: text has ""$325. Arising from an iterative design""",054_ed3c00855_si_002/ | 054_ed3c00855_si_001.mp4,SI holds the CAD (six SolidWorks .SLDPRT files) and a demo video. No repository or licence; cost $325 already in the corpus.,,
055,Establishment of low-cost laboratory automation processes using AutoIt and 4-axis robots,10.1016/j.slast.2022.07.001,2022,yes,manifest,,,,missing,,,,,,missing,,,,,,missing,,documentation,,,2,,,,,,repo: check SI; licence: only the article CC licence in text,055_mmc2.docx,"SI is one figure (AutoIt script); nothing on cost, licence or repository.",,
056,"EvoBot: An Open-Source, Modular, Liquid Handling Robot for Scientific Experiments",10.3390/app10030814,2020,yes,manifest,,<$500,corpus adds,,,,,,,missing,,,,https://bitbucket.org/afaina/evobliss-hardware,corpus adds,,https://bitbucket.org/afaina/evobliss-hardware,,none,https://bitbucket.org/afaina/evobliss-software | https://www.thingiverse.com/thing:2776125,1,,,,"$10,000,theopen-sourcerobotsareatleastoneorderofmagnitudec | $500andeachsyringemodulecosts$100 | $500andeachsyringemodulecosts",,licence: check repo LICENSE file; files: inventory the repository,,,,
057,An open-source programmable smart pipette for portable cell separation and counting,10.1039/c9ra08368e,2019,yes,manifest,,,,missing,,,CC-BY-NC,paper text,corpus adds,,,,,,,missing,,documentation,,,1,,,CC-BY-NC 3.0,"$0.8), | $410), | $0.4), aluminum posts(Custom-madeproduct;",,"repo: check SI; cost: text has ""$0.8),""",057_c9ra08368e1_suppl.pdf,SI is methods and figures; no link or licence.,,
058,3D Printing of Individualized Microfluidic Chips with DLP-Based Printer,10.3390/ma16216984,2023,yes,manifest,,,,missing,,,,,,missing,,,,,,missing,,,none,,6,Data Availability Statement: Data available upon request.,,,,,repo: read availability statement; licence: only the article CC licence in text,,,Data on request. No files.,honest gap
059,Melt Electrowriting of Nylon‐12 Microfibers with an Open‐Source 3D Printer,10.1002/marc.202300424,2023,yes,manifest,,500,corpus adds,no currency,,,,,,missing,,,,,,missing,,documentation,,,5,,,,$500atthetime performedbetween25and250°Cataheatingandc | $500andallowsfortheincorporationofvariabletubesizes,,"repo: check SI; licence: only the article CC licence in text; currency: text has ""$500atthetime performedbetween25and250°Cataheatingandc""",059_marc202300424-sup-0001-suppmat.pdf,"SI lists component costs ($165, $100, $500) but no licence or link.",,
060,Modular microfluidic systems cast from 3D-printed molds for imaging leukocyte adherence to differentially treated endothelial cultures,10.1038/s41598-019-47475-z,2019,yes,manifest,,,,missing,,,,,,missing,,,,,,missing,,,none,,21,Data Availability,,,360 CAD software are presented in Supplementary Fig,,"repo: read availability statement; licence: only the article CC licence in text; cost: text has ""360 CAD software are presented in Supplementary Fig""",060_MOESM1_ESM.pdf | 060_MOESM2_ESM.mov | 060_MOESM3_ESM.mov | 060_MOESM4_ESM.mov | 060_MOESM5_ESM/,"SI holds the CAD (STEP and STL for barrier module, flow module, alignment guide) -- now a curated asset -- plus figures and three videos. No repository, licence or cost.",CAD and STL files are the compressed SI file 'Barrier_Flow_Alignment CAD and STL files' of 10.1038/s41598-019-47475-z; data on request.,fetch SI
