paper,source_file,sheet,item,designator,quantity,unit_cost,line_price,currency,supplier,part_number
A cost-effective and open-source near-field elec,A_cost-effective_and_open-source_near-field_elec__BOM.xlsx,Sheet1,Malyan M200 FDM Mini 3D printer,,,199.0,199,USD,,
A cost-effective and open-source near-field elec,A_cost-effective_and_open-source_near-field_elec__BOM.xlsx,Sheet1,Notebook webcamera,,,0.0,,USD,,
A cost-effective and open-source near-field elec,A_cost-effective_and_open-source_near-field_elec__BOM.xlsx,Sheet1,Arduino Mega 2560,,,48.9,48.9,USD,,
A cost-effective and open-source near-field elec,A_cost-effective_and_open-source_near-field_elec__BOM.xlsx,Sheet1,"RAMPS 1,4",,,9.39,9.39,USD,,
A cost-effective and open-source near-field elec,A_cost-effective_and_open-source_near-field_elec__BOM.xlsx,Sheet1,DVR8825,,,2.898,11.592,USD,,
A cost-effective and open-source near-field elec,A_cost-effective_and_open-source_near-field_elec__BOM.xlsx,Sheet1,1P6T Rotary Switch Selector,,,8.49,8.49,USD,,
A cost-effective and open-source near-field elec,A_cost-effective_and_open-source_near-field_elec__BOM.xlsx,Sheet1,Toggle Switch SPST,,,4.96,4.96,USD,,
A cost-effective and open-source near-field elec,A_cost-effective_and_open-source_near-field_elec__BOM.xlsx,Sheet1,Push Button Switch LED momentary latching,,,2.57,2.57,USD,,
A cost-effective and open-source near-field elec,A_cost-effective_and_open-source_near-field_elec__BOM.xlsx,Sheet1,Nextion NX4832T035 3.5 inch HMI,,,37.78,37.78,USD,,
A cost-effective and open-source near-field elec,A_cost-effective_and_open-source_near-field_elec__BOM.xlsx,Sheet1,12V 5A Switching Power Supply,,,4.57,4.57,USD,,
A cost-effective and open-source near-field elec,A_cost-effective_and_open-source_near-field_elec__BOM.xlsx,Sheet1,Ky-040 rotary encoder module,,,1.13,1.13,USD,,
A cost-effective and open-source near-field elec,A_cost-effective_and_open-source_near-field_elec__BOM.xlsx,Sheet1,C14 panel mounted plug AC electrical inlet module,,,1.55,1.55,USD,,
A cost-effective and open-source near-field elec,A_cost-effective_and_open-source_near-field_elec__BOM.xlsx,Sheet1,ADS1015 ADC module,,,1.23,1.23,USD,,
A cost-effective and open-source near-field elec,A_cost-effective_and_open-source_near-field_elec__BOM.xlsx,Sheet1,MCP4725 DAC module,,,1.37,1.37,USD,,
A cost-effective and open-source near-field elec,A_cost-effective_and_open-source_near-field_elec__BOM.xlsx,Sheet1,Perfboard 8x12cm,,,1.08,1.08,USD,,
A cost-effective and open-source near-field elec,A_cost-effective_and_open-source_near-field_elec__BOM.xlsx,Sheet1,Relay A5W-K,,,0.96,0.96,USD,,
A cost-effective and open-source near-field elec,A_cost-effective_and_open-source_near-field_elec__BOM.xlsx,Sheet1,GX16 8pin Pin Male plug & Female socket,,,0.42,3.78,USD,,
A cost-effective and open-source near-field elec,A_cost-effective_and_open-source_near-field_elec__BOM.xlsx,Sheet1,UL2464 Sheathed Wire Cable 6 cores 10m AWG22,,,17.45,17.45,USD,,
A cost-effective and open-source near-field elec,A_cost-effective_and_open-source_near-field_elec__BOM.xlsx,Sheet1,4 cores wire AWG22 5m,,,4.4,4.4,USD,,
A cost-effective and open-source near-field elec,A_cost-effective_and_open-source_near-field_elec__BOM.xlsx,Sheet1,USB type B panel mount,,,4.97,4.97,USD,,
A cost-effective and open-source near-field elec,A_cost-effective_and_open-source_near-field_elec__BOM.xlsx,Sheet1,Sloped enclosure 200X90X165MM,,,18.72,18.72,USD,,
A cost-effective and open-source near-field elec,A_cost-effective_and_open-source_near-field_elec__BOM.xlsx,Sheet1,"Cable USB type B 1,5m",,,3.52,3.52,USD,,
A cost-effective and open-source near-field elec,A_cost-effective_and_open-source_near-field_elec__BOM.xlsx,Sheet1,LM8UU linear bearings,,,0.755,1.51,USD,,
A cost-effective and open-source near-field elec,A_cost-effective_and_open-source_near-field_elec__BOM.xlsx,Sheet1,625ZZ bearings,,,0.21,0.42,USD,,
A cost-effective and open-source near-field elec,A_cost-effective_and_open-source_near-field_elec__BOM.xlsx,Sheet1,M5 metric thread rod 150mm,,,1.405,1.405,USD,,
A cost-effective and open-source near-field elec,A_cost-effective_and_open-source_near-field_elec__BOM.xlsx,Sheet1,Shaft coupler 5mmx5mm,,,1.0,1,USD,,
A cost-effective and open-source near-field elec,A_cost-effective_and_open-source_near-field_elec__BOM.xlsx,Sheet1,Limit Switch 2P with handle,,,0.144,0.144,USD,,
A cost-effective and open-source near-field elec,A_cost-effective_and_open-source_near-field_elec__BOM.xlsx,Sheet1,Needle 23G,,,0.1,0.1,USD,,
A cost-effective and open-source near-field elec,A_cost-effective_and_open-source_near-field_elec__BOM.xlsx,Sheet1,"Tubing polyethtlene 80430 (.085''X, .128'' X, 0.0215)",,,1.0,38.0,USD,,
A cost-effective and open-source near-field elec,A_cost-effective_and_open-source_near-field_elec__BOM.xlsx,Sheet1,AC-DC HVPS 30kV 5mA AHVAC30KVR5MABT,,,559.0,559,USD,,
A cost-effective and open-source near-field elec,A_cost-effective_and_open-source_near-field_elec__BOM.xlsx,Sheet1,Acrilic enclosure 80cm x 60cm x 50cm (WLH) 5mm,,,142.0,142,USD,,
A cost-effective and open-source near-field elec,A_cost-effective_and_open-source_near-field_elec__BOM.xlsx,Sheet1,20mm PVC cable gland,,,0.5,1,USD,,
A cost-effective and open-source near-field elec,A_cost-effective_and_open-source_near-field_elec__BOM.xlsx,Sheet1,1.75mm PLA filament,,,15.0,15.0,USD,,
BIO-SPEC An open-source bench-top parallel bior,BIO-SPEC_An_open-source_bench-top_parallel_bior__bill_of_materials.xlsx,components,"MW RSP-150-12 - Switching power supply, PFC, 150 W, 12 V/12.5 A",power_supply_peltier,1,39.1298,39.1298,,MW RSP-150-12,
BIO-SPEC An open-source bench-top parallel bior,BIO-SPEC_An_open-source_bench-top_parallel_bior__bill_of_materials.xlsx,components,"SUN EE92251B1-0 - Axial fan, 92x92x25 mm, 12 V, 87.4 m³/h, 34 dBA",fan,2,3.5016999999999996,7.003399999999999,,SUN EE92251B1-0,
BIO-SPEC An open-source bench-top parallel bior,BIO-SPEC_An_open-source_bench-top_parallel_bior__bill_of_materials.xlsx,components,1168-TG-A6200-40-40-0.5-ND - THERM PAD 40X40MM BLUE,thermal_pad,4,1.4036,5.6144,,TG-A6200-40-40-0.5,
BIO-SPEC An open-source bench-top parallel bior,BIO-SPEC_An_open-source_bench-top_parallel_bior__bill_of_materials.xlsx,components,1471-MIKROE-3828-ND - PELTIER ELEMENT TEC1-12706,peltier_element,2,8.33,16.66,,1471-MIKROE-3828-ND,
BIO-SPEC An open-source bench-top parallel bior,BIO-SPEC_An_open-source_bench-top_parallel_bior__bill_of_materials.xlsx,components,10157200 - SK 684 150 AL,aluminium_heat_sink,1,10.38,10.38,,SK 684 150 AL,
BIO-SPEC An open-source bench-top parallel bior,BIO-SPEC_An_open-source_bench-top_parallel_bior__bill_of_materials.xlsx,components,204-9893 - DFRobot Waterproof DS18B20 Digital Temperature Sensor for Arduino Sensor Board for DS18B20 Arduino,temperature_sensor,1,7.81,7.81,,204-9893,
BIO-SPEC An open-source bench-top parallel bior,BIO-SPEC_An_open-source_bench-top_parallel_bior__bill_of_materials.xlsx,components,89003.35.01 - CABLE 3COND 18AWG BLACK 50',wire_3_conductors,1,48.05,48.05,,89003.35.01,
BIO-SPEC An open-source bench-top parallel bior,BIO-SPEC_An_open-source_bench-top_parallel_bior__bill_of_materials.xlsx,components,165-0319 - Vishay 4.7kΩ Metal Film Resistor 0.5W ±5% SFR16S0004701JA500,resistor,10,0.08,0.8,,165-0319,
BIO-SPEC An open-source bench-top parallel bior,BIO-SPEC_An_open-source_bench-top_parallel_bior__bill_of_materials.xlsx,components,"Alberts 469375 flat tube | aluminium, natural | 1000 x 15 x 2 mm",aluminium_bar,2,1.9,3.8,,NA,
BIO-SPEC An open-source bench-top parallel bior,BIO-SPEC_An_open-source_bench-top_parallel_bior__bill_of_materials.xlsx,components,"RS PRO Bright Zinc Plated Steel, Hex Bolt, M4 x 50.0mm, 100 pieces",M4_bolt_50mm,1,12.58,12.58,,917-2810,
BIO-SPEC An open-source bench-top parallel bior,BIO-SPEC_An_open-source_bench-top_parallel_bior__bill_of_materials.xlsx,components,"RS PRO Bright Zinc Plated Steel, Hex Bolt, M4 x 30.0mm, 100 pieces",M4_bolt_30mm,1,9.21,9.21,,917-2804,
BIO-SPEC An open-source bench-top parallel bior,BIO-SPEC_An_open-source_bench-top_parallel_bior__bill_of_materials.xlsx,components,"Bossard Hex Socket Hex Socket Cap Grade 8.8 Zinc Plated Steel Socket Screw DIN 912, M4x16.0mmx0.630in",M4_screw_16mm,100,0.116,11.600000000000001,,525-802,
BIO-SPEC An open-source bench-top parallel bior,BIO-SPEC_An_open-source_bench-top_parallel_bior__bill_of_materials.xlsx,components,"RS PRO Bright Zinc Plated Steel, Hex Bolt, M4 x 10.0mm, 100 pieces",M4_bolt_10mm,1,5.28,5.28,,525-789,
BIO-SPEC An open-source bench-top parallel bior,BIO-SPEC_An_open-source_bench-top_parallel_bior__bill_of_materials.xlsx,components,"RS PRO, Bright Zinc Plated Steel Hex Nut, DIN 439B, M4, 100 pieces",M4_hex_nut,1,3.42,3.42,,201-0850,
BIO-SPEC An open-source bench-top parallel bior,BIO-SPEC_An_open-source_bench-top_parallel_bior__bill_of_materials.xlsx,components,"18mm Bright Zinc Plated Steel Wingnut, M4, 50 pieces",M4_wing_nut,1,7.3,7.3,,521-850,
BIO-SPEC An open-source bench-top parallel bior,BIO-SPEC_An_open-source_bench-top_parallel_bior__bill_of_materials.xlsx,components,"Bright Zinc Plated Steel Plain Form A Washers, M4, DIN 125A, 250 pieces",M4_washer,1,3.78,3.78,,525-925,
BIO-SPEC An open-source bench-top parallel bior,BIO-SPEC_An_open-source_bench-top_parallel_bior__bill_of_materials.xlsx,components,"RS PRO Zinc Plated Steel Threaded Rod, M4, 1m",M4_rod,1,3.18,3.18,,530-309,
BIO-SPEC An open-source bench-top parallel bior,BIO-SPEC_An_open-source_bench-top_parallel_bior__bill_of_materials.xlsx,components,"Elesa Round Tube, 1000mm Length, GN.99002-1000",off_gas_pipe_aluminium,1,20.75,20.75,,252-7180,
BIO-SPEC An open-source bench-top parallel bior,BIO-SPEC_An_open-source_bench-top_parallel_bior__bill_of_materials.xlsx,components,SMC 2/2 Pneumatic Solenoid Valve - Solenoid/Spring Push In 6 mm VDW Series 24V dc,solenoid_valve_gas,4,27.43,109.72,,892-9993,
BIO-SPEC An open-source bench-top parallel bior,BIO-SPEC_An_open-source_bench-top_parallel_bior__bill_of_materials.xlsx,components,"428-467 - Mean Well MDR Switch Mode DIN Rail Power Supply, 85 → 264V ac ac Input, 12V dc dc Output, 5A Output,",power_supply_12V,1,49.52,49.52,,428-467,
BIO-SPEC An open-source bench-top parallel bior,BIO-SPEC_An_open-source_bench-top_parallel_bior__bill_of_materials.xlsx,components,"609-6164 - Schneider Electric Harmony XB5 Series Twist Release Emergency Stop Push Button, Panel Mount, 22mm C",emergency_button,1,36.48,36.48,,609-6164,
BIO-SPEC An open-source bench-top parallel bior,BIO-SPEC_An_open-source_bench-top_parallel_bior__bill_of_materials.xlsx,components,"775-5814 - RS PRO Steel Wall Box, IP66, 500 mm x 400 mm x 200mm",cabinet,1,60.63,60.63,,775-5814,
BIO-SPEC An open-source bench-top parallel bior,BIO-SPEC_An_open-source_bench-top_parallel_bior__bill_of_materials.xlsx,components,"248-1135 - RS PRO Steel Unperforated DIN Rail, Top Hat Compatible, 330mm x 35mm",DIN_rail,5,4.71,23.55,,248-1135,
BIO-SPEC An open-source bench-top parallel bior,BIO-SPEC_An_open-source_bench-top_parallel_bior__bill_of_materials.xlsx,components,"235-8689 - RS PRO DIN Rail Power Supply, 85 → 264 V ac, 120 → 370 V dc ac, dc Input, 5V dc Output, 2.4A Output",power_supply_5V,1,14.3,14.3,,235-8689,
BIO-SPEC An open-source bench-top parallel bior,BIO-SPEC_An_open-source_bench-top_parallel_bior__bill_of_materials.xlsx,components,"878-7506 - RS PRO DIN Rail Terminal Block, Single level, 2.5mm², 800 V",DIN_rail_terminal_block,50,0.323,16.150000000000002,,878-7506,
BIO-SPEC An open-source bench-top parallel bior,BIO-SPEC_An_open-source_bench-top_parallel_bior__bill_of_materials.xlsx,components,"214-2066 - Schneider Electric Multi 9 C60N MCB, 2P Poles, 16A Curve C, 10 kA Breaking Capacity, MCB",circuit_breaker,1,42.79,42.79,,214-2066,
BIO-SPEC An open-source bench-top parallel bior,BIO-SPEC_An_open-source_bench-top_parallel_bior__bill_of_materials.xlsx,components,"734-9018 - Schneider Electric Modular Socket, DIN Rail, 250 V ac",DIN_socket,6,12.64,75.84,,734-9018,
BIO-SPEC An open-source bench-top parallel bior,BIO-SPEC_An_open-source_bench-top_parallel_bior__bill_of_materials.xlsx,components,"178-8740 - RS PRO Insulated Crimp Bootlace Ferrule, 10mm Pin Length, 2.4mm Pin Diameter, 2 x 1.0mm² Wire Size,",wire_management_ferrule_2x1,100,0.045,4.5,,178-8740,
BIO-SPEC An open-source bench-top parallel bior,BIO-SPEC_An_open-source_bench-top_parallel_bior__bill_of_materials.xlsx,components,"458-724 - RS PRO Insulated Crimp Bootlace Ferrule, 8mm Pin Length, 2.6mm Pin Diameter, 2.5mm² Wire Size, Grey",wire_management_ferrule_2.5,100,0.08,8,,458-724,
BIO-SPEC An open-source bench-top parallel bior,BIO-SPEC_An_open-source_bench-top_parallel_bior__bill_of_materials.xlsx,components,"458-768 - RS PRO Insulated Crimp Bootlace Ferrule, 8mm Pin Length, 1.7mm Pin Diameter, 1mm² Wire Size, Yellow",wire_management_ferrule_1_yellow,100,0.139,13.900000000000002,,458-768,
BIO-SPEC An open-source bench-top parallel bior,BIO-SPEC_An_open-source_bench-top_parallel_bior__bill_of_materials.xlsx,components,"458-702 - RS PRO Insulated Crimp Bootlace Ferrule, 8mm Pin Length, 1.7mm Pin Diameter, 1mm² Wire Size, Red",wire_management_ferrule_1_red,100,0.068,6.800000000000001,,458-702,
BIO-SPEC An open-source bench-top parallel bior,BIO-SPEC_An_open-source_bench-top_parallel_bior__bill_of_materials.xlsx,components,2320-301806-DS-ND - CABLE 6COND 18AWG GRAY FEET,wire_18_AWG,32,3.7,118.4,,2320-301806-DS-ND,
BIO-SPEC An open-source bench-top parallel bior,BIO-SPEC_An_open-source_bench-top_parallel_bior__bill_of_materials.xlsx,components,"122-5884 - RS PRO Grey 2 mm² Hook Up Wire, 115/0.15 mm, 30m",wire_14_AWG,1,24.94,24.94,,122-5884,
BIO-SPEC An open-source bench-top parallel bior,BIO-SPEC_An_open-source_bench-top_parallel_bior__bill_of_materials.xlsx,components,"RPI RELAIS 8CH Raspberry Pi - relaismodule, 8-kanaals, DIN-rail, HLS8L-DC5V-S-C",relais_module,1,21.18,21.18,,RPI RELAIS 8CH,
BIO-SPEC An open-source bench-top parallel bior,BIO-SPEC_An_open-source_bench-top_parallel_bior__bill_of_materials.xlsx,components,"380-5252 - Schneider Electric Harmony XB4 Series Red Latching Push Button Head, 22mm Cutout, IP66, IP67, IP69K",latching_push_button_red,2,12.54,25.08,,380-5252,
BIO-SPEC An open-source bench-top parallel bior,BIO-SPEC_An_open-source_bench-top_parallel_bior__bill_of_materials.xlsx,components,"380-5246 - Schneider Electric Harmony XB4 Series Green Latching Push Button Head, 22mm Cutout, IP67, IP69K",latching_push_button_green,2,12.54,25.08,,380-5246,
BIO-SPEC An open-source bench-top parallel bior,BIO-SPEC_An_open-source_bench-top_parallel_bior__bill_of_materials.xlsx,components,878-7572 - RS PRO Jumper Bar for Use with Screw Clamp Terminal Block,jumper_bar,20,0.88,17.6,,878-7572,
BIO-SPEC An open-source bench-top parallel bior,BIO-SPEC_An_open-source_bench-top_parallel_bior__bill_of_materials.xlsx,components,E1036S.41.10 - CABLE 6COND 18AWG GRAY 50',wire_6_conductors,1,34,34,,E1036S.41.10,
BIO-SPEC An open-source bench-top parallel bior,BIO-SPEC_An_open-source_bench-top_parallel_bior__bill_of_materials.xlsx,components,301802 - CABLE 2COND 18AWG GRAY FEET,wire_2_conductors,10,1.95,19.5,,301802,
BIO-SPEC An open-source bench-top parallel bior,BIO-SPEC_An_open-source_bench-top_parallel_bior__bill_of_materials.xlsx,components,"428-433 - Mean Well MDR Switch Mode DIN Rail Power Supply, 85 → 264V ac ac Input, 24V dc dc Output, 1A Output,",power_supply_24V,1,49.63,49.63,,428-433,
BIO-SPEC An open-source bench-top parallel bior,BIO-SPEC_An_open-source_bench-top_parallel_bior__bill_of_materials.xlsx,components,878-7544 - End Plate for use with CDU,DIN_rail_end_plate,30,0.25,7.5,,878-7544,
BIO-SPEC An open-source bench-top parallel bior,BIO-SPEC_An_open-source_bench-top_parallel_bior__bill_of_materials.xlsx,components,"878-7553 - End Bracket for use with CDK, CDU, CPE, CTR",DIN_rail_end_bracket,20,0.46,9.200000000000001,,878-7553,
BIO-SPEC An open-source bench-top parallel bior,BIO-SPEC_An_open-source_bench-top_parallel_bior__bill_of_materials.xlsx,components,"233-455 - RS PRO Cable Tie, 100mm x 2.5 mm, Black Nylon, Pk-100",zip_tie,1,3.87,3.87,,233-455,
BIO-SPEC An open-source bench-top parallel bior,BIO-SPEC_An_open-source_bench-top_parallel_bior__bill_of_materials.xlsx,components,"666-751 - RS PRO Self Adhesive Natural Cable Tie Mount 13 mm x 13mm, 2.5mm Max. Cable Tie Width",cable_tie_mount,10,0.2,2,,666-751,
BIO-SPEC An open-source bench-top parallel bior,BIO-SPEC_An_open-source_bench-top_parallel_bior__bill_of_materials.xlsx,components,"782-2882 - TE Connectivity Terminal Strip, 6-Way, 30A, 26 → 12 AWG Wire, Screw Termination",terminal_strip_6_way,1,5.09,5.09,,782-2882,
BIO-SPEC An open-source bench-top parallel bior,BIO-SPEC_An_open-source_bench-top_parallel_bior__bill_of_materials.xlsx,components,"782-2860 - TE Connectivity Terminal Strip, 3-Way, 30A, 26 → 12 AWG Wire, Screw Termination",terminal_strip_3_way,1,2.33,2.33,,782-2860,
BIO-SPEC An open-source bench-top parallel bior,BIO-SPEC_An_open-source_bench-top_parallel_bior__bill_of_materials.xlsx,components,"820-1529 - JST, XH Female Crimp Terminal 22AWG BXH-001T-P0.6",JST connector - female,100,0.05,5,,820-1529,
BIO-SPEC An open-source bench-top parallel bior,BIO-SPEC_An_open-source_bench-top_parallel_bior__bill_of_materials.xlsx,components,"820-1611 - JST, XHP Female Connector Housing, 2.5mm Pitch, 2 Way, 1 Row",JST connector - female housing,10,0.09,0.8999999999999999,,820-1611,
BIO-SPEC An open-source bench-top parallel bior,BIO-SPEC_An_open-source_bench-top_parallel_bior__bill_of_materials.xlsx,components,"Raspberry Pi 3 B, 4x 1.2 GHz, 1 GB RAM, WLAN, BT",rpi_board,1,40.17,40.17,,RASPBERRY PI 3 B,
BIO-SPEC An open-source bench-top parallel bior,BIO-SPEC_An_open-source_bench-top_parallel_bior__bill_of_materials.xlsx,components,"MicroSDHC-geheugenkaart 32 GB, SanDisk Ultra",rpi_SD_card,1,7.26,7.26,,SDSQUA4032GGN6MA,
BIO-SPEC An open-source bench-top parallel bior,BIO-SPEC_An_open-source_bench-top_parallel_bior__bill_of_materials.xlsx,components,"628-8931 - Vishay 50V 1A, Rectifier Diode, 2-Pin DO-204AL 1N4001-E3/54",rectifier_diode,10,0.218,2.18,,628-8931,
BIO-SPEC An open-source bench-top parallel bior,BIO-SPEC_An_open-source_bench-top_parallel_bior__bill_of_materials.xlsx,components,"Eight-Darlington arrays, DIL-18",darlington_array,2,0.51,1.02,,ULN 2803A,
BIO-SPEC An open-source bench-top parallel bior,BIO-SPEC_An_open-source_bench-top_parallel_bior__bill_of_materials.xlsx,components,"breadboard, double-sided, 90 x 70 mm",soldering_board,1,2.64,2.64,,LR-DS-79,
BIO-SPEC An open-source bench-top parallel bior,BIO-SPEC_An_open-source_bench-top_parallel_bior__bill_of_materials.xlsx,components,"Developer boards - Jumper cable, 40 poles, f/m, 15 cm",rainbow_jumper_cables,1,2.02,2.02,,DEBO KABELSET10,
BIO-SPEC An open-source bench-top parallel bior,BIO-SPEC_An_open-source_bench-top_parallel_bior__bill_of_materials.xlsx,components,Stainless steel 316L blind plug PG13.5,blind_plug_PG13.5_Eppendorf,2,20,40,,NA,
BIO-SPEC An open-source bench-top parallel bior,BIO-SPEC_An_open-source_bench-top_parallel_bior__bill_of_materials.xlsx,components,"78532283 - Compression fitting ID6-Pg13,5",PG13.5_6_mm_fitting_Eppendorf,1,95.7,95.7,,78532283,
BIO-SPEC An open-source bench-top parallel bior,BIO-SPEC_An_open-source_bench-top_parallel_bior__bill_of_materials.xlsx,components,"SS-6M0-1-M12X1.0RS - Stainless Steel Swagelok Tube Fitting, Male Connector, 6 mm Tube OD x M12 x 1.0 Male Metr",M12_6_mm_fitting_Swagelok,3,20.16,60.480000000000004,,SS-6M0-1-M12X1.0RS,
BIO-SPEC An open-source bench-top parallel bior,BIO-SPEC_An_open-source_bench-top_parallel_bior__bill_of_materials.xlsx,components,"GE 12 LM NC - Rechte snijringkopp. M 16x1,5-12 L (M18x1,5), Klemring 1.4571 (NC)",M16_12_mm_fitting_gas_outlet,1,14.09,14.09,,GE 12 LM NC,
BIO-SPEC An open-source bench-top parallel bior,BIO-SPEC_An_open-source_bench-top_parallel_bior__bill_of_materials.xlsx,components,"HR 6X1,5 ES2A - Roestvrij stalen buis, naadloos, 6 x 1,5 mm, 1.4301",6_mm_SS_tube,1,31.51,31.51,,"HR 6X1,5 ES2A",
BIO-SPEC An open-source bench-top parallel bior,BIO-SPEC_An_open-source_bench-top_parallel_bior__bill_of_materials.xlsx,components,X25 FITTING LUER M 1/4 PP Cole-Parmer(tm) Cole-Parmer(tm) Polypropylene ADCF Luer Fittings Thread Size: ADCF M,male_Luer_lock_fitting_1/4,1,19.11,19.11,,12198711,
BIO-SPEC An open-source bench-top parallel bior,BIO-SPEC_An_open-source_bench-top_parallel_bior__bill_of_materials.xlsx,components,X25 FITTING LUER F 1/4 PP Cole-Parmer(tm) Cole-Parmer(tm) Polypropylene ADCF Luer Fittings Thread Size: ADCF F,female_Luer_lock_fitting_1/4,1,16.26,16.26,,12188711,
BIO-SPEC An open-source bench-top parallel bior,BIO-SPEC_An_open-source_bench-top_parallel_bior__bill_of_materials.xlsx,components,"Masterflex Fitting, Clear Polypropylene, Straight, Hose Barb to Threaded Adapter, 1/8 ID x 1/4-28 UNF(M); 25/P",UNF_barb_fitting_Masterflex,1,49.3,49.3,,MFLX31501-54,
BIO-SPEC An open-source bench-top parallel bior,BIO-SPEC_An_open-source_bench-top_parallel_bior__bill_of_materials.xlsx,components,78200077 Sampling valve swabable Luer lock autocl 200,sampling_valve_Luer,1,1.3,1.3,,78200077,
BIO-SPEC An open-source bench-top parallel bior,BIO-SPEC_An_open-source_bench-top_parallel_bior__bill_of_materials.xlsx,components,"SMC AF series 5μm G 1/8 1 MPa, 1.5 MPa Pneumatic Filter with Manual drain",pneumatic_filter,1,19.36,19.36,,783-1703,
BIO-SPEC An open-source bench-top parallel bior,BIO-SPEC_An_open-source_bench-top_parallel_bior__bill_of_materials.xlsx,components,"IMI Norgren G 1/8 Pneumatic Regulator - 0.1bar to 0.7bar, 1/8 in, 20bar max. input",pressure_regulator_individual,1,31.77,31.77,,218-0242,
BIO-SPEC An open-source bench-top parallel bior,BIO-SPEC_An_open-source_bench-top_parallel_bior__bill_of_materials.xlsx,components,"IMI Norgren R 1/8 Dial Pressure Gauge 4bar, 18-013-011, 0bar min.",pressure_gauge,1,21.37,21.37,,822-4018,
BIO-SPEC An open-source bench-top parallel bior,BIO-SPEC_An_open-source_bench-top_parallel_bior__bill_of_materials.xlsx,components,"Festo G 1/2 Pneumatic Regulator - 0.3bar to 7bar, 1/2in, 14bar max. input",pressure_regulator_main,1,60.58,60.58,,121-5680,
BIO-SPEC An open-source bench-top parallel bior,BIO-SPEC_An_open-source_bench-top_parallel_bior__bill_of_materials.xlsx,components,"RS PRO CVPU Non Return Valve, 6mm Tube Inlet, 6mm Tube Outlet, 0 → 10bar",check_valve_gas_supply,2,10.4,20.8,,916-0943,
BIO-SPEC An open-source bench-top parallel bior,BIO-SPEC_An_open-source_bench-top_parallel_bior__bill_of_materials.xlsx,components,"PTFE-hose, 6 x 4 mm, natural, By meter",PTFE_tubing_gases,2,3.42,6.84,,TFL 6X4 NATUR,
BIO-SPEC An open-source bench-top parallel bior,BIO-SPEC_An_open-source_bench-top_parallel_bior__bill_of_materials.xlsx,components,"IQSG 186 G - Straight push-in fitting G 1/8""mm-6mm, IQS standard",push_in_individual,2,1.39,2.78,,IQSG 186 G,
BIO-SPEC An open-source bench-top parallel bior,BIO-SPEC_An_open-source_bench-top_parallel_bior__bill_of_materials.xlsx,components,"IQSG 126 G - Straight push-in fitting G 1/2""mm-6mm, IQS standard",push_in_main,2,3.47,6.94,,IQSG 126 G,
BIO-SPEC An open-source bench-top parallel bior,BIO-SPEC_An_open-source_bench-top_parallel_bior__bill_of_materials.xlsx,components,"IQSY 60 - Y push in fitting 6mm, IQS standard",push_in_Y,4,3.37,13.48,,IQSY 60,
BIO-SPEC An open-source bench-top parallel bior,BIO-SPEC_An_open-source_bench-top_parallel_bior__bill_of_materials.xlsx,components,"IQSX 60 - Cross push in fitting 6mm, IQS standard",push_in_cross,2,4.42,8.84,,IQSX 60,
BIO-SPEC An open-source bench-top parallel bior,BIO-SPEC_An_open-source_bench-top_parallel_bior__bill_of_materials.xlsx,components,"Reducer 4mm plug / push in nipple x 6mm hose, IQS standard",push_in_reducer,1,2.07,2.07,,IQSG 40H60,
BIO-SPEC An open-source bench-top parallel bior,BIO-SPEC_An_open-source_bench-top_parallel_bior__bill_of_materials.xlsx,components,"Sartorius MIDISART, 2000, 0.2 UM, PTFE, Sterile Filter, Air Sartorius Stedim Biotech Polytretrafluorethylene A",sterile_filter_gas,2,8.074166666666667,16.148333333333333,,10109660,
BIO-SPEC An open-source bench-top parallel bior,BIO-SPEC_An_open-source_bench-top_parallel_bior__bill_of_materials.xlsx,components,"VS 18 AK ES - Closing plug external hexagon. R 1/8"", 1.4408",pressure_regulator_plug,2,0.76,1.52,,VS 18 AK ES,
BIO-SPEC An open-source bench-top parallel bior,BIO-SPEC_An_open-source_bench-top_parallel_bior__bill_of_materials.xlsx,components,"IQSKH 60 - Afsluitkraan 6 mm, IQS-Standard",manual_gas_valve,1,8.38,8.38,,IQSKH 60,
BIO-SPEC An open-source bench-top parallel bior,BIO-SPEC_An_open-source_bench-top_parallel_bior__bill_of_materials.xlsx,components,"257-6410 - RS PRO For Air Flow Sensor for Air, 0,1 l/min Min, 1 L/min Max",rotameter,1,76.36,76.36,,257-6410,
BIO-SPEC An open-source bench-top parallel bior,BIO-SPEC_An_open-source_bench-top_parallel_bior__bill_of_materials.xlsx,components,"812-279 - Legris LF3000 Series Straight Threaded Adaptor, R 1/4 Male to Push In 6 mm, Threaded-to-Tube Connect",push_in_rotameter,2,2.76,5.52,,812-279,
BIO-SPEC An open-source bench-top parallel bior,BIO-SPEC_An_open-source_bench-top_parallel_bior__bill_of_materials.xlsx,components,"SILI 1014 - Siliconenslang 10 x 14 mm, transparant",tubing_gas_outlet,1,4.05,4.05,,SILI 1014,
BIO-SPEC An open-source bench-top parallel bior,BIO-SPEC_An_open-source_bench-top_parallel_bior__bill_of_materials.xlsx,components,"Stekkerdoos Bremounta, 6-voudig, 3 m, wit, met schakelaar",,1,16.22,16.22,,BRE 1150650326,
BIO-SPEC An open-source bench-top parallel bior,BIO-SPEC_An_open-source_bench-top_parallel_bior__bill_of_materials.xlsx,components,RBS™ 35 solution,RBS_soap,1,79.8,79.8,,83461,
BIO-SPEC An open-source bench-top parallel bior,BIO-SPEC_An_open-source_bench-top_parallel_bior__bill_of_materials.xlsx,components,"DWK Life Sciences DURAN™ GLS 80™ O-Ring Sealing Gasket, Black EPDM rubber, GLS 80™ Wide Mouth","GLS80_gasket (optional, if the lid does ",1,3.6833333333333336,3.6833333333333336,,12826573,
BIO-SPEC An open-source bench-top parallel bior,BIO-SPEC_An_open-source_bench-top_parallel_bior__bill_of_materials.xlsx,components,"DWK Life Sciences DURAN™ GLS 80™ Laboratory bottle, Double Walled (Jacketed), Wide Mouth, Clear, Graduated",GLS80_vessel,1,460.75,460.75,,15443253,
BIO-SPEC An open-source bench-top parallel bior,BIO-SPEC_An_open-source_bench-top_parallel_bior__bill_of_materials.xlsx,components,"Screw caps, GLS 80, blue",GLS80_screw_cap,1,3.32,3.32,,KY95.1,
BIO-SPEC An open-source bench-top parallel bior,BIO-SPEC_An_open-source_bench-top_parallel_bior__bill_of_materials.xlsx,components,"196-4861 - RS PRO Nitrile Rubber O-Ring, 7mm Bore, 11mm Outer Diameter",O_ring_M12,1,3.04,3.04,,196-4861,
BIO-SPEC An open-source bench-top parallel bior,BIO-SPEC_An_open-source_bench-top_parallel_bior__bill_of_materials.xlsx,components,"196-4872 - RS PRO Nitrile Rubber O-Ring, 14mm Bore, 18mm Outer Diameter",O_ring_PG13.5,1,3.78,3.78,,196-4872,
BIO-SPEC An open-source bench-top parallel bior,BIO-SPEC_An_open-source_bench-top_parallel_bior__bill_of_materials.xlsx,components,"196-4868 - RS PRO Nitrile Rubber O-Ring, 11mm Bore, 15mm Outer Diameter",O_ring_M16,1,3.04,3.04,,196-4868,
BIO-SPEC An open-source bench-top parallel bior,BIO-SPEC_An_open-source_bench-top_parallel_bior__bill_of_materials.xlsx,components,"196-4928 - RS PRO Nitrile Rubber O-Ring O-Ring, 75mm Bore, 79mm Outer Diameter",O_ring_Lid,1,3.43,3.43,,196-4928,
BIO-SPEC An open-source bench-top parallel bior,BIO-SPEC_An_open-source_bench-top_parallel_bior__bill_of_materials.xlsx,components,"196-5459 RS PRO Nitrile Rubber O-Ring O-Ring, 2mm Bore, 5mm Outer Diameter",O_ring_UNF,1,3.48,3.48,,196-5459,
BIO-SPEC An open-source bench-top parallel bior,BIO-SPEC_An_open-source_bench-top_parallel_bior__bill_of_materials.xlsx,components,"RS PRO Nitrile Rubber O-Ring O-Ring, 32mm Bore, 35mm Outer Diameter",O_ring_GL45,1,6.03,6.03,,196-5507,
BIO-SPEC An open-source bench-top parallel bior,BIO-SPEC_An_open-source_bench-top_parallel_bior__bill_of_materials.xlsx,components,"Tube ROTILABO® silicone Standard design, 4.0 mm, 7,0 mm, 25 m",silicone_tubing_4x7,1,51.48,51.48,,9568.1,
BIO-SPEC An open-source bench-top parallel bior,BIO-SPEC_An_open-source_bench-top_parallel_bior__bill_of_materials.xlsx,components,"Tube ROTILABO® silicone Standard design, 3.0 mm, 6,0 mm, 25 m",silicone_tubing_3x6,1,37.9,37.9,,9563.1,
BIO-SPEC An open-source bench-top parallel bior,BIO-SPEC_An_open-source_bench-top_parallel_bior__bill_of_materials.xlsx,components,"HellermannTyton Cable Tie, 100mm x 2.5 mm, Black Polypropylene, Pk-100",zip_tie_polypropylene,1,24.3,24.3,,194-6381,
BIO-SPEC An open-source bench-top parallel bior,BIO-SPEC_An_open-source_bench-top_parallel_bior__bill_of_materials.xlsx,components,"Tube ROTILABO® silicone Standard design, 8.0 mm, 12,0 mm, 10 m",silicone_tubing_8x12,1,73.15,73.15,,9577.1,
BIO-SPEC An open-source bench-top parallel bior,BIO-SPEC_An_open-source_bench-top_parallel_bior__bill_of_materials.xlsx,components,Stainless Steel Aeration Stone,aeration_stone,1,9.95,9.95,,5001975,
BIO-SPEC An open-source bench-top parallel bior,BIO-SPEC_An_open-source_bench-top_parallel_bior__bill_of_materials.xlsx,components,"427-941 - RS PRO HSS PG13.5-18 Straight Flute Threading Tap, 80 mm Length",PG13.5_tap,1,34.2,34.2,,427-941,
BIO-SPEC An open-source bench-top parallel bior,BIO-SPEC_An_open-source_bench-top_parallel_bior__bill_of_materials.xlsx,components,215-849 - RS PRO HSS 73mm Hole Saw,hole_saw_73mm,1,16.48,16.48,,215-849,
BIO-SPEC An open-source bench-top parallel bior,BIO-SPEC_An_open-source_bench-top_parallel_bior__bill_of_materials.xlsx,components,216-303 - RS PRO HSS 22mm Hole Saw,hole_saw_22mm,1,8.09,8.09,,216-303,
BIO-SPEC An open-source bench-top parallel bior,BIO-SPEC_An_open-source_bench-top_parallel_bior__bill_of_materials.xlsx,components,"794-7776 - Facom Slotted Screwdriver, 2.5 x 0.4 mm Tip, 75 mm Blade, 169 mm Overall",screwdriver,1,4.64,4.64,,794-7776,
BIO-SPEC An open-source bench-top parallel bior,BIO-SPEC_An_open-source_bench-top_parallel_bior__bill_of_materials.xlsx,components,"Drilling/cutting oil spray, 400 ml spray can",cutting_oil,1,8.51,8.51,,SCHNEIDOLSPRAY,
BIO-SPEC An open-source bench-top parallel bior,BIO-SPEC_An_open-source_bench-top_parallel_bior__bill_of_materials.xlsx,components,"BOHR 4,5 HSSCO - Spiraalboor, DIN 338 N, HSS-G Co 5, Ø 4,5 mm",drill_bit_for_condenser,1,3.15,3.15,,"BOHR 4,5 HSSCO",
BIO-SPEC An open-source bench-top parallel bior,BIO-SPEC_An_open-source_bench-top_parallel_bior__bill_of_materials.xlsx,components,"BOHR 6,5 HSSCO - Spiraalboor, DIN 338 N, HSS-G Co 5, Ø 6,5 mm",drill_bit_for_6_mm_Swagelok_fittings,1,3.15,3.15,,"BOHR 6,5 HSSCO",
BIO-SPEC An open-source bench-top parallel bior,BIO-SPEC_An_open-source_bench-top_parallel_bior__bill_of_materials.xlsx,components,Stainless steel 316 L reactor vessel headplate GLS 80,headplate,1,82.76,82.76,,NA,
BIO-SPEC An open-source bench-top parallel bior,BIO-SPEC_An_open-source_bench-top_parallel_bior__bill_of_materials.xlsx,components,Stainless steel 316L tubing nipple to M6,fitting_M6_hose_barb,1,21.37,21.37,,NA,
BIO-SPEC An open-source bench-top parallel bior,BIO-SPEC_An_open-source_bench-top_parallel_bior__bill_of_materials.xlsx,components,Stainless steel 316L luer to UNF,fitting_Luer_female_UNF_male,1,19.94,19.94,,NA,
OpenWorkstation A modular open-source technolog,OpenWorkstation_A_modular_open-source_technolog__workstation_bom_v0.1.xlsx,bom_modules,Raspberry Pi 3 Model B+,raspberry pi,1,35,35,USD,"Adafruit Industries (NY, USA)",3775
OpenWorkstation A modular open-source technolog,OpenWorkstation_A_modular_open-source_technolog__workstation_bom_v0.1.xlsx,bom_modules,Raspberry Pi Power Supply,raspberry pi power supply,1,7.5,7.5,USD,"Adafruit Industries (NY, USA)",1995
OpenWorkstation A modular open-source technolog,OpenWorkstation_A_modular_open-source_technolog__workstation_bom_v0.1.xlsx,bom_modules,MicroSD card with NOOBS,microSD card,1,9.95,9.95,USD,"Adafruit Industries (NY, USA)",3259
OpenWorkstation A modular open-source technolog,OpenWorkstation_A_modular_open-source_technolog__workstation_bom_v0.1.xlsx,bom_modules,Arduino Mega,arduino,1,38.95,38.95,USD,"SparkFun Electronics, Inc (CO, USA)",DEV-11061
OpenWorkstation A modular open-source technolog,OpenWorkstation_A_modular_open-source_technolog__workstation_bom_v0.1.xlsx,bom_modules,MOSFET-FQP30N06L,mosfet,2,0.95,1.9,USD,"SparkFun Electronics, Inc (CO, USA)",COM-10213
OpenWorkstation A modular open-source technolog,OpenWorkstation_A_modular_open-source_technolog__workstation_bom_v0.1.xlsx,bom_modules,"breadboard, 170 pin (max 5A rating)",breadboard,2,1.53,3.06,USD,"Newark element14 (IL, USA)",71Y9231
OpenWorkstation A modular open-source technolog,OpenWorkstation_A_modular_open-source_technolog__workstation_bom_v0.1.xlsx,bom_modules,"Smoothieboard, 5XC-R, version1.1, voltage reg 1A",smoothieboard,1,189,189,USD,"Uberclock, LL (OR, USA)",smoothie_5x
OpenWorkstation A modular open-source technolog,OpenWorkstation_A_modular_open-source_technolog__workstation_bom_v0.1.xlsx,bom_modules,"fan, 80mm, 12V",fan,2,11.39,22.78,USD,"Newark element14 (IL, USA)",29M8108
OpenWorkstation A modular open-source technolog,OpenWorkstation_A_modular_open-source_technolog__workstation_bom_v0.1.xlsx,bom_modules,fan guard for 80x80mm fan,fan grid,4,1.07,4.28,USD,"Newark element14 (IL, USA)",56P2990
OpenWorkstation A modular open-source technolog,OpenWorkstation_A_modular_open-source_technolog__workstation_bom_v0.1.xlsx,bom_modules,power supply 12V/29A (Meanwell) set,power supply,1,59.99,59.99,USD,"OpenBuilds (NJ, USA)",511-Set
OpenWorkstation A modular open-source technolog,OpenWorkstation_A_modular_open-source_technolog__workstation_bom_v0.1.xlsx,bom_modules,"2-core cable, screened, 0.5mm(2), 50m",2-core cable,1,26.9,26.9,USD,"Newark element14 (IL, USA)",50AC7152
OpenWorkstation A modular open-source technolog,OpenWorkstation_A_modular_open-source_technolog__workstation_bom_v0.1.xlsx,bom_modules,"4-core cable, screened, 0.5mm(2), 50m",4-core cable,1,50.6,50.6,USD,"Newark element14 (IL, USA)",50AC7160
OpenWorkstation A modular open-source technolog,OpenWorkstation_A_modular_open-source_technolog__workstation_bom_v0.1.xlsx,bom_modules,xtension connectors 2pin,connectors: 2pins,6,1.49,8.94,USD,"OpenBuilds (NJ, USA)",2525-Set
OpenWorkstation A modular open-source technolog,OpenWorkstation_A_modular_open-source_technolog__workstation_bom_v0.1.xlsx,bom_modules,xtension connectors 4pin,connectors: 4pins,5,3.49,17.450000000000003,USD,"OpenBuilds (NJ, USA)",2525-Set
OpenWorkstation A modular open-source technolog,OpenWorkstation_A_modular_open-source_technolog__workstation_bom_v0.1.xlsx,bom_modules,"acrylic plates 10mm, black",acrylic plates,1,,0,USD,"Mulford Plastics PTY LTD (QLD, Australia)",ASTARIGLAS-GP-10mm-black
OpenWorkstation A modular open-source technolog,OpenWorkstation_A_modular_open-source_technolog__workstation_bom_v0.1.xlsx,bom_modules,"acrylic plates 10mm, white",acrylic plates,1,,0,USD,"Mulford Plastics PTY LTD (QLD, Australia)",ASTARIGLAS-GP-10mm-white
OpenWorkstation A modular open-source technolog,OpenWorkstation_A_modular_open-source_technolog__workstation_bom_v0.1.xlsx,bom_modules,"acrylic plates 6mm, white",acrylic plates,1,,0,USD,"Mulford Plastics PTY LTD (QLD, Australia)",ASTARIGLAS-GP-6mm-white
OpenWorkstation A modular open-source technolog,OpenWorkstation_A_modular_open-source_technolog__workstation_bom_v0.1.xlsx,bom_modules,profile 30x30 (slot 8mm),aluminium profile,,10.5,50.82,USD,"GAP Engineering PTY LTD (QLD, Australia)",084.107.002
OpenWorkstation A modular open-source technolog,OpenWorkstation_A_modular_open-source_technolog__workstation_bom_v0.1.xlsx,bom_modules,clamping angle 25x40,clamping angle,12,2.45,29.400000000000002,USD,"GAP Engineering PTY LTD (QLD, Australia)",084.305.002
OpenWorkstation A modular open-source technolog,OpenWorkstation_A_modular_open-source_technolog__workstation_bom_v0.1.xlsx,bom_modules,nut M8 - slot 8 (pack of 25),nuts,1,17,17,USD,"GAP Engineering PTY LTD (QLD, Australia)",084.302.037
OpenWorkstation A modular open-source technolog,OpenWorkstation_A_modular_open-source_technolog__workstation_bom_v0.1.xlsx,bom_modules,bolt M8x16mm - slot 8 (pack of 25),bolts,1,4,4,USD,"GAP Engineering PTY LTD (QLD, Australia)",084.301.002
OpenWorkstation A modular open-source technolog,OpenWorkstation_A_modular_open-source_technolog__workstation_bom_v0.1.xlsx,bom_modules,drag chain cable carrier: 1m,cable management,2,15.99,47.97,USD,"OpenBuilds (NJ, USA)",2450
OpenWorkstation A modular open-source technolog,OpenWorkstation_A_modular_open-source_technolog__workstation_bom_v0.1.xlsx,bom_modules,cable drag chain mounting bracket,mounting bracket,6,3.7,22,USD,Makerstore (Australia),BRAC-CDC
OpenWorkstation A modular open-source technolog,OpenWorkstation_A_modular_open-source_technolog__workstation_bom_v0.1.xlsx,bom_modules,1000mm C-Beam® XLarge Linear Actuator Bundle (w NEMA23),linear actuator,1,174.99,174.99,USD,"OpenBuilds (NJ, USA)",2495-Bundle
OpenWorkstation A modular open-source technolog,OpenWorkstation_A_modular_open-source_technolog__workstation_bom_v0.1.xlsx,bom_modules,Xtension Limit Switch Kit,limit switch,1,4.99,4.99,USD,"OpenBuilds (NJ, USA)",2805-Kit
OpenWorkstation A modular open-source technolog,OpenWorkstation_A_modular_open-source_technolog__workstation_bom_v0.1.xlsx,bom_modules,nut M5 - slot 8 (pack of 25),nuts,1,3.55,3.55,USD,"GAP Engineering PTY LTD (QLD, Australia)",084.302.002
OpenWorkstation A modular open-source technolog,OpenWorkstation_A_modular_open-source_technolog__workstation_bom_v0.1.xlsx,bom_modules,tee nuts (M5) (pack of 10),nuts,1,2.99,2.99,USD,"OpenBuilds (NJ, USA)",536-Pack
OpenWorkstation A modular open-source technolog,OpenWorkstation_A_modular_open-source_technolog__workstation_bom_v0.1.xlsx,bom_modules,M5x15mm (pack of 10),screw,2,1.59,3.18,USD,"OpenBuilds (NJ, USA)",922-pack
OpenWorkstation A modular open-source technolog,OpenWorkstation_A_modular_open-source_technolog__workstation_bom_v0.1.xlsx,bom_modules,black corner brackets,connectors,8,2.99,23.92,USD,"OpenBuilds (NJ, USA)",540
OpenWorkstation A modular open-source technolog,OpenWorkstation_A_modular_open-source_technolog__workstation_bom_v0.1.xlsx,bom_modules,drag chain cable carrier (10 x 15mm): 1m,cable management,3,15.99,47.97,USD,"OpenBuilds (NJ, USA)",2450
OpenWorkstation A modular open-source technolog,OpenWorkstation_A_modular_open-source_technolog__workstation_bom_v0.1.xlsx,bom_modules,OT-One S Hood,pipetting robot,1,4000,4000,USD,"Opentrons Laboratories Inc (NY, USA)",OT-One S Hood
OpenWorkstation A modular open-source technolog,OpenWorkstation_A_modular_open-source_technolog__workstation_bom_v0.1.xlsx,bom_modules,Waterproof DS18B20 Digital temperature sensor,temperature probe,2,9.95,19.9,USD,"Adafruit Industries (NY, USA)",381
OpenWorkstation A modular open-source technolog,OpenWorkstation_A_modular_open-source_technolog__workstation_bom_v0.1.xlsx,bom_modules,"peltier thermo-electric cooler module (12V, 5A)",peltier,4,11.95,47.8,USD,"Adafruit Industries (NY, USA)",1330
OpenWorkstation A modular open-source technolog,OpenWorkstation_A_modular_open-source_technolog__workstation_bom_v0.1.xlsx,bom_modules,"2-core cable, screened, 0.5mm(2), 50m",2-core cable,0,26.9,0,USD,"Newark element14 (IL, USA)",50AC7152
OpenWorkstation A modular open-source technolog,OpenWorkstation_A_modular_open-source_technolog__workstation_bom_v0.1.xlsx,bom_modules,"4-core cable, screened, 0.5mm(2), 50m",4-core cable,0,50.6,0,USD,"Newark element14 (IL, USA)",50AC7160
OpenWorkstation A modular open-source technolog,OpenWorkstation_A_modular_open-source_technolog__workstation_bom_v0.1.xlsx,bom_modules,xtension connectors 2pin,connectors: 2pins,0,1.49,0,USD,"OpenBuilds (NJ, USA)",2525-Set
OpenWorkstation A modular open-source technolog,OpenWorkstation_A_modular_open-source_technolog__workstation_bom_v0.1.xlsx,bom_modules,xtension connectors 4pin,connectors: 4pins,0,3.49,0,USD,"OpenBuilds (NJ, USA)",2525-Set
OpenWorkstation A modular open-source technolog,OpenWorkstation_A_modular_open-source_technolog__workstation_bom_v0.1.xlsx,bom_modules,"acrylic plates 10mm, white",acrylic plates,0,,0,USD,"Mulford Plastics PTY LTD (QLD, Australia)",ASTARIGLAS-GP-10mm-white
OpenWorkstation A modular open-source technolog,OpenWorkstation_A_modular_open-source_technolog__workstation_bom_v0.1.xlsx,bom_modules,500mm C-Beam® Linear Actuator Bundle (w NEMA23),linear actuator,1,144.99,144.99,USD,"OpenBuilds (NJ, USA)",995-Bundle
OpenWorkstation A modular open-source technolog,OpenWorkstation_A_modular_open-source_technolog__workstation_bom_v0.1.xlsx,bom_modules,250mm C-Beam® Linear Actuator Bundle (w NEMA23),linear actuator,1,126.99,126.99,USD,"OpenBuilds (NJ, USA)",995-Bundle
OpenWorkstation A modular open-source technolog,OpenWorkstation_A_modular_open-source_technolog__workstation_bom_v0.1.xlsx,bom_modules,Xtension Limit Switch Kit,limit switch,2,4.99,9.98,USD,"OpenBuilds (NJ, USA)",2805-Kit
OpenWorkstation A modular open-source technolog,OpenWorkstation_A_modular_open-source_technolog__workstation_bom_v0.1.xlsx,bom_modules,profile 30x30 (slot 8mm),aluminium profile,,10.5,44.73,USD,"GAP Engineering PTY LTD (QLD, Australia)",084.107.002
OpenWorkstation A modular open-source technolog,OpenWorkstation_A_modular_open-source_technolog__workstation_bom_v0.1.xlsx,bom_modules,profile 20x20 (V slot): 500mm,aluminium profile,3,5.49,16.47,USD,"OpenBuilds (NJ, USA)",VSlot20x20LinearRail
OpenWorkstation A modular open-source technolog,OpenWorkstation_A_modular_open-source_technolog__workstation_bom_v0.1.xlsx,bom_modules,clamping angle 25x40,clamping angle,4,2.45,9.8,USD,"GAP Engineering PTY LTD (QLD, Australia)",084.305.002
OpenWorkstation A modular open-source technolog,OpenWorkstation_A_modular_open-source_technolog__workstation_bom_v0.1.xlsx,bom_modules,nut M5 - slot 8 (pack of 25),nuts,1,3.55,3.55,USD,"GAP Engineering PTY LTD (QLD, Australia)",084.302.002
OpenWorkstation A modular open-source technolog,OpenWorkstation_A_modular_open-source_technolog__workstation_bom_v0.1.xlsx,bom_modules,bolt M5x16mm - slot 8 (pack of 25),bolts,1,2.88,2.88,USD,"GAP Engineering PTY LTD (QLD, Australia)",084.301.009
OpenWorkstation A modular open-source technolog,OpenWorkstation_A_modular_open-source_technolog__workstation_bom_v0.1.xlsx,bom_modules,black corner brackets,connectors,12,2.99,35.88,USD,"OpenBuilds (NJ, USA)",540
OpenWorkstation A modular open-source technolog,OpenWorkstation_A_modular_open-source_technolog__workstation_bom_v0.1.xlsx,bom_modules,tee nuts (M5) (pack of 10),nuts,3,2.99,8.97,USD,"OpenBuilds (NJ, USA)",536-Pack
OpenWorkstation A modular open-source technolog,OpenWorkstation_A_modular_open-source_technolog__workstation_bom_v0.1.xlsx,bom_modules,M5x8mm (pack of 10),screws,3,1.39,4.17,USD,"OpenBuilds (NJ, USA)",946-pack
OpenWorkstation A modular open-source technolog,OpenWorkstation_A_modular_open-source_technolog__workstation_bom_v0.1.xlsx,bom_modules,M5x10mm (pack of 10),screws,3,1.49,4.47,USD,"OpenBuilds (NJ, USA)",878-pack
OpenWorkstation A modular open-source technolog,OpenWorkstation_A_modular_open-source_technolog__workstation_bom_v0.1.xlsx,bom_modules,M5x15mm (pack of 10),screws,3,1.59,4.7700000000000005,USD,"OpenBuilds (NJ, USA)",922-pack
OpenWorkstation A modular open-source technolog,OpenWorkstation_A_modular_open-source_technolog__workstation_bom_v0.1.xlsx,bom_modules,M5x20mm (pack of 10),screws,3,1.69,5.07,USD,"OpenBuilds (NJ, USA)",750-pack
OpenWorkstation A modular open-source technolog,OpenWorkstation_A_modular_open-source_technolog__workstation_bom_v0.1.xlsx,bom_modules,90 degree joining plate,plates,8,4.99,39.92,USD,"OpenBuilds (NJ, USA)",610
OpenWorkstation A modular open-source technolog,OpenWorkstation_A_modular_open-source_technolog__workstation_bom_v0.1.xlsx,bom_modules,aluminium spacer: 6mm,spacer,4,2.99,11.96,USD,"OpenBuilds (NJ, USA)",90-Pack
OpenWorkstation A modular open-source technolog,OpenWorkstation_A_modular_open-source_technolog__workstation_bom_v0.1.xlsx,bom_modules,"LED strip light: 399nm (reel, 5m)",LED strip lights,1,175,175,USD,"Flexfire LEDs, Inc.(CA, USA)",CB-UV-12V-16FT
OpenWorkstation A modular open-source technolog,OpenWorkstation_A_modular_open-source_technolog__workstation_bom_v0.1.xlsx,bom_modules,drag chain cable carrier (10 x 15mm): 0.5m,cable management,3,7.99,23.97,USD,"OpenBuilds (NJ, USA)",2450
OpenWorkstation A modular open-source technolog,OpenWorkstation_A_modular_open-source_technolog__workstation_bom_v0.1.xlsx,bom_modules,"2-core cable, screened, 0.5mm(2), 50m",2-core cable,0,26.9,0,USD,"Newark element14 (IL, USA)",50AC7152
OpenWorkstation A modular open-source technolog,OpenWorkstation_A_modular_open-source_technolog__workstation_bom_v0.1.xlsx,bom_modules,"4-core cable, screened, 0.5mm(2), 50m",4-core cable,0,50.6,0,USD,"Newark element14 (IL, USA)",50AC7160
OpenWorkstation A modular open-source technolog,OpenWorkstation_A_modular_open-source_technolog__workstation_bom_v0.1.xlsx,bom_modules,xtension connectors 2pin,connectors: 2pins,0,1.49,0,USD,"OpenBuilds (NJ, USA)",2525-Set
OpenWorkstation A modular open-source technolog,OpenWorkstation_A_modular_open-source_technolog__workstation_bom_v0.1.xlsx,bom_modules,xtension connectors 4pin,connectors: 4pins,0,3.49,0,USD,"OpenBuilds (NJ, USA)",2525-Set
OpenWorkstation A modular open-source technolog,OpenWorkstation_A_modular_open-source_technolog__workstation_bom_v0.1.xlsx,bom_modules,"acrylic plates 10mm, black",acrylic plates,0,,0,USD,"Mulford Plastics PTY LTD (QLD, Australia)",ASTARIGLAS-GP-10mm-black
OpenWorkstation A modular open-source technolog,OpenWorkstation_A_modular_open-source_technolog__workstation_bom_v0.1.xlsx,bom_modules,500mm C-Beam® Linear Actuator Bundle (w NEMA23),linear actuator,1,144.99,144.99,USD,"OpenBuilds (NJ, USA)",995-Bundle
OpenWorkstation A modular open-source technolog,OpenWorkstation_A_modular_open-source_technolog__workstation_bom_v0.1.xlsx,bom_modules,250mm Belt & Pinion Actuator Bundle (w NEMA23),linear actuator,1,109.99,109.99,USD,"OpenBuilds (NJ, USA)",2565-Bundle
OpenWorkstation A modular open-source technolog,OpenWorkstation_A_modular_open-source_technolog__workstation_bom_v0.1.xlsx,bom_modules,Xtension Limit Switch Kit,limit switch,2,4.99,9.98,USD,"OpenBuilds (NJ, USA)",2805-Kit
OpenWorkstation A modular open-source technolog,OpenWorkstation_A_modular_open-source_technolog__workstation_bom_v0.1.xlsx,bom_modules,profile 30x30 (slot 8mm),aluminium profile,,10.5,0,USD,"GAP Engineering PTY LTD (QLD, Australia)",084.107.002
OpenWorkstation A modular open-source technolog,OpenWorkstation_A_modular_open-source_technolog__workstation_bom_v0.1.xlsx,bom_modules,profile 20x20 (V slot): 500mm,aluminium profile,4,5.49,21.96,USD,"OpenBuilds (NJ, USA)",VSlot20x20LinearRail
OpenWorkstation A modular open-source technolog,OpenWorkstation_A_modular_open-source_technolog__workstation_bom_v0.1.xlsx,bom_modules,profile 20x20 (V slot): 250mm (to be cut),aluminium profile,8,3.29,26.32,USD,"OpenBuilds (NJ, USA)",VSlot20x20LinearRail
OpenWorkstation A modular open-source technolog,OpenWorkstation_A_modular_open-source_technolog__workstation_bom_v0.1.xlsx,bom_modules,profile 20x40 (V slot): 250mm (to be cut),aluminium profile,1,3.99,3.99,USD,"OpenBuilds (NJ, USA)",VSlot20x40LinearRail
OpenWorkstation A modular open-source technolog,OpenWorkstation_A_modular_open-source_technolog__workstation_bom_v0.1.xlsx,bom_modules,clamping angle 25x40,clamping angle,4,2.45,9.8,USD,"GAP Engineering PTY LTD (QLD, Australia)",084.305.002
OpenWorkstation A modular open-source technolog,OpenWorkstation_A_modular_open-source_technolog__workstation_bom_v0.1.xlsx,bom_modules,nut M5 - slot 8 (pack of 25),nuts,1,3.55,3.55,USD,"GAP Engineering PTY LTD (QLD, Australia)",084.302.002
OpenWorkstation A modular open-source technolog,OpenWorkstation_A_modular_open-source_technolog__workstation_bom_v0.1.xlsx,bom_modules,bolt M5x16mm - slot 8 (pack of 25),bolts,1,2.88,2.88,USD,"GAP Engineering PTY LTD (QLD, Australia)",084.301.009
OpenWorkstation A modular open-source technolog,OpenWorkstation_A_modular_open-source_technolog__workstation_bom_v0.1.xlsx,bom_modules,tee nuts (M5) (pack of 10),nuts,3,2.99,8.97,USD,"OpenBuilds (NJ, USA)",536-Pack
OpenWorkstation A modular open-source technolog,OpenWorkstation_A_modular_open-source_technolog__workstation_bom_v0.1.xlsx,bom_modules,black corner brackets,connectors,12,2.99,35.88,USD,"OpenBuilds (NJ, USA)",540
OpenWorkstation A modular open-source technolog,OpenWorkstation_A_modular_open-source_technolog__workstation_bom_v0.1.xlsx,bom_modules,M5x8mm (pack of 10),screws,3,1.39,4.17,USD,"OpenBuilds (NJ, USA)",946-pack
OpenWorkstation A modular open-source technolog,OpenWorkstation_A_modular_open-source_technolog__workstation_bom_v0.1.xlsx,bom_modules,M5x10mm (pack of 10),screws,3,1.49,4.47,USD,"OpenBuilds (NJ, USA)",878-pack
OpenWorkstation A modular open-source technolog,OpenWorkstation_A_modular_open-source_technolog__workstation_bom_v0.1.xlsx,bom_modules,M5x15mm (pack of 10),screws,3,1.59,4.7700000000000005,USD,"OpenBuilds (NJ, USA)",922-pack
OpenWorkstation A modular open-source technolog,OpenWorkstation_A_modular_open-source_technolog__workstation_bom_v0.1.xlsx,bom_modules,M5x20mm (pack of 10),screws,3,1.69,5.07,USD,"OpenBuilds (NJ, USA)",750-pack
OpenWorkstation A modular open-source technolog,OpenWorkstation_A_modular_open-source_technolog__workstation_bom_v0.1.xlsx,bom_modules,M5x25mm (pack of 10),screws,1,1.79,1.79,USD,"OpenBuilds (NJ, USA)",20-pack
OpenWorkstation A modular open-source technolog,OpenWorkstation_A_modular_open-source_technolog__workstation_bom_v0.1.xlsx,bom_modules,90 degree joining plate,plates,12,4.99,59.88,USD,"OpenBuilds (NJ, USA)",610
OpenWorkstation A modular open-source technolog,OpenWorkstation_A_modular_open-source_technolog__workstation_bom_v0.1.xlsx,bom_modules,aluminium spacer: 20mm,spacer,4,2.99,11.96,USD,"OpenBuilds (NJ, USA)",65-Pack
OpenWorkstation A modular open-source technolog,OpenWorkstation_A_modular_open-source_technolog__workstation_bom_v0.1.xlsx,bom_modules,vacuum ejector,vacuum generator,1,38.62,38.62,USD,"Schmalz (Glatten, Germany)",10.02.01.00565
OpenWorkstation A modular open-source technolog,OpenWorkstation_A_modular_open-source_technolog__workstation_bom_v0.1.xlsx,bom_modules,bellows suction cups (oval): SPOB1 60x20,cups,2,37.5,75,USD,"Schmalz (Glatten, Germany)",10.01.06.03511
OpenWorkstation A modular open-source technolog,OpenWorkstation_A_modular_open-source_technolog__workstation_bom_v0.1.xlsx,bom_modules,"hose, VSL 8-6 PU, external diameter D=8 mm, internal diameter d=6 mm",hose,,4.76,0,USD,"Schmalz (Glatten, Germany)",10.07.09.00003
OpenWorkstation A modular open-source technolog,OpenWorkstation_A_modular_open-source_technolog__workstation_bom_v0.1.xlsx,bom_modules,"screw plug connection, straight",connection plug,2,4.47,8.94,USD,"Schmalz (Glatten, Germany)",10.08.02.00206
OpenWorkstation A modular open-source technolog,OpenWorkstation_A_modular_open-source_technolog__workstation_bom_v0.1.xlsx,bom_modules,t-connection,connection plug,1,16.43,16.43,USD,"Schmalz (Glatten, Germany)",10.09.02.00022
OpenWorkstation A modular open-source technolog,OpenWorkstation_A_modular_open-source_technolog__workstation_bom_v0.1.xlsx,bom_modules,"3/2 pneumatic control valve solenoid, G1/8, 12V",valve,1,42,42,USD,"RS Components PTY LTD (NSW, Australia)",797-5093
OpenWorkstation A modular open-source technolog,OpenWorkstation_A_modular_open-source_technolog__workstation_bom_v0.1.xlsx,bom_modules,"pneumatic straight threaded-to-tube adapter, G 1/8 male, push In 6 mm",adapter,2,4.2,8.4,USD,"RS Components PTY LTD (NSW, Australia)",812-049
OpenWorkstation A modular open-source technolog,OpenWorkstation_A_modular_open-source_technolog__workstation_bom_v0.1.xlsx,bom_modules,drag chain cable carrier (10 x 15mm): 0.5m,cable management,3,7.99,23.97,USD,"OpenBuilds (NJ, USA)",2450
OpenWorkstation A modular open-source technolog,OpenWorkstation_A_modular_open-source_technolog__workstation_bom_v0.1.xlsx,bom_modules,"2-core cable, screened, 0.5mm(2), 50m",2-core cable,0,26.9,0,USD,"Newark element14 (IL, USA)",50AC7152
OpenWorkstation A modular open-source technolog,OpenWorkstation_A_modular_open-source_technolog__workstation_bom_v0.1.xlsx,bom_modules,"4-core cable, screened, 0.5mm(2), 50m",4-core cable,0,50.6,0,USD,"Newark element14 (IL, USA)",50AC7160
OpenWorkstation A modular open-source technolog,OpenWorkstation_A_modular_open-source_technolog__workstation_bom_v0.1.xlsx,bom_modules,xtension connectors 2pin,connectors: 2pins,0,1.49,0,USD,"OpenBuilds (NJ, USA)",2525-Set
OpenWorkstation A modular open-source technolog,OpenWorkstation_A_modular_open-source_technolog__workstation_bom_v0.1.xlsx,bom_modules,xtension connectors 4pin,connectors: 4pins,0,3.49,0,USD,"OpenBuilds (NJ, USA)",2525-Set
OpenWorkstation A modular open-source technolog,OpenWorkstation_A_modular_open-source_technolog__workstation_bom_v0.1.xlsx,bom_modules,"acrylic plates 10mm, white",acrylic plates,0,,0,USD,"Mulford Plastics PTY LTD (QLD, Australia)",ASTARIGLAS-GP-10mm-white
OpenWorkstation A modular open-source technolog,OpenWorkstation_A_modular_open-source_technolog__workstation_bom_v0.1.xlsx,bom_modules,"acrylic plates 6mm, white",acrylic plates,0,,0,USD,"Mulford Plastics PTY LTD (QLD, Australia)",ASTARIGLAS-GP-6mm-white
OpenWorkstation A modular open-source technolog,OpenWorkstation_A_modular_open-source_technolog__workstation_bom_v0.1.xlsx,frame-summary,54,,,3,,,,
OpenWorkstation A modular open-source technolog,OpenWorkstation_A_modular_open-source_technolog__workstation_bom_v0.1.xlsx,frame-summary,#REF!,,,3.3,,,,
OpenWorkstation A modular open-source technolog,OpenWorkstation_A_modular_open-source_technolog__workstation_bom_v0.1.xlsx,frame-summary,#REF!,,,3.3,,,,
OpenWorkstation A modular open-source technolog,OpenWorkstation_A_modular_open-source_technolog__workstation_bom_v0.1.xlsx,frame-summary,#REF!,,,2.2,,,,
OpenWorkstation A modular open-source technolog,OpenWorkstation_A_modular_open-source_technolog__workstation_bom_v0.1.xlsx,frame-summary,#REF!,,,5.1,,,,
OpenWorkstation A modular open-source technolog,OpenWorkstation_A_modular_open-source_technolog__workstation_bom_v0.1.xlsx,frame-summary,#REF!,,,5.1,,,,
OpenWorkstation A modular open-source technolog,OpenWorkstation_A_modular_open-source_technolog__workstation_bom_v0.1.xlsx,frame-summary,#REF!,,,4.8,,,,
OpenWorkstation A modular open-source technolog,OpenWorkstation_A_modular_open-source_technolog__workstation_bom_v0.1.xlsx,frame-summary,#REF!,,,4.8,,,,
Sidekick A Low-Cost Open-Source 3D-printed liqu,Sidekick_A_Low-Cost_Open-Source_3D-printed_liqu__Bill_of_Materials_2_18_22.xlsx,Sheet1,Overture PETG 1KG,,1,22.99,22.99,,1,
Sidekick A Low-Cost Open-Source 3D-printed liqu,Sidekick_A_Low-Cost_Open-Source_3D-printed_liqu__Bill_of_Materials_2_18_22.xlsx,Sheet1,3x10x4mm Ball bearings,,1,2.997,9.99,,10,
Sidekick A Low-Cost Open-Source 3D-printed liqu,Sidekick_A_Low-Cost_Open-Source_3D-printed_liqu__Bill_of_Materials_2_18_22.xlsx,Sheet1,M2/3/4 Hardware (Button Head),,1,23.99,23.99,,1,
Sidekick A Low-Cost Open-Source 3D-printed liqu,Sidekick_A_Low-Cost_Open-Source_3D-printed_liqu__Bill_of_Materials_2_18_22.xlsx,Sheet1,M3 Hardware,,1,11.99,11.99,,1,
Sidekick A Low-Cost Open-Source 3D-printed liqu,Sidekick_A_Low-Cost_Open-Source_3D-printed_liqu__Bill_of_Materials_2_18_22.xlsx,Sheet1,"PTFE Tubing 1/16"" OD",,1,8.062000000000001,40.31,,5,
Sidekick A Low-Cost Open-Source 3D-printed liqu,Sidekick_A_Low-Cost_Open-Source_3D-printed_liqu__Bill_of_Materials_2_18_22.xlsx,Sheet1,"PTFE Tubing 1/8"" OD",,1,11.870000000000001,59.35,,5,
Sidekick A Low-Cost Open-Source 3D-printed liqu,Sidekick_A_Low-Cost_Open-Source_3D-printed_liqu__Bill_of_Materials_2_18_22.xlsx,Sheet1,12 Volt PSU,,1,12.99,12.99,,1,
Sidekick A Low-Cost Open-Source 3D-printed liqu,Sidekick_A_Low-Cost_Open-Source_3D-printed_liqu__Bill_of_Materials_2_18_22.xlsx,Sheet1,Power Barrel,,1,1.25,1.25,,1,
Sidekick A Low-Cost Open-Source 3D-printed liqu,Sidekick_A_Low-Cost_Open-Source_3D-printed_liqu__Bill_of_Materials_2_18_22.xlsx,Sheet1,Breakaway Male Header Pins (40 Count),,5,7.5,7.5,,1,
Sidekick A Low-Cost Open-Source 3D-printed liqu,Sidekick_A_Low-Cost_Open-Source_3D-printed_liqu__Bill_of_Materials_2_18_22.xlsx,Sheet1,Buttons,,4,0.25,1,,1,
Sidekick A Low-Cost Open-Source 3D-printed liqu,Sidekick_A_Low-Cost_Open-Source_3D-printed_liqu__Bill_of_Materials_2_18_22.xlsx,Sheet1,Jumper Cables,,1,1.463,7.98,,120,
Sidekick A Low-Cost Open-Source 3D-printed liqu,Sidekick_A_Low-Cost_Open-Source_3D-printed_liqu__Bill_of_Materials_2_18_22.xlsx,Sheet1,Limit Switch,,1,2.95,2.95,,2,
Sidekick A Low-Cost Open-Source 3D-printed liqu,Sidekick_A_Low-Cost_Open-Source_3D-printed_liqu__Bill_of_Materials_2_18_22.xlsx,Sheet1,The Lee Company Fixed Volume 10μL Dispense Pumps (LPMA1250110L),,4,540,540,,1,
Sidekick A Low-Cost Open-Source 3D-printed liqu,Sidekick_A_Low-Cost_Open-Source_3D-printed_liqu__Bill_of_Materials_2_18_22.xlsx,Sheet1,PCB,,1,0.6200000000000001,3.1,,5,
Sidekick A Low-Cost Open-Source 3D-printed liqu,Sidekick_A_Low-Cost_Open-Source_3D-printed_liqu__Bill_of_Materials_2_18_22.xlsx,Sheet1,Micrcontroller (Raspberry Pi Pico),,1,4,4,,1,
Sidekick A Low-Cost Open-Source 3D-printed liqu,Sidekick_A_Low-Cost_Open-Source_3D-printed_liqu__Bill_of_Materials_2_18_22.xlsx,Sheet1,Darlington Array,,1,0.799,7.99,,10,
Sidekick A Low-Cost Open-Source 3D-printed liqu,Sidekick_A_Low-Cost_Open-Source_3D-printed_liqu__Bill_of_Materials_2_18_22.xlsx,Sheet1,Stepper Motor Driver,,1,11.596,28.99,,5,
Sidekick A Low-Cost Open-Source 3D-printed liqu,Sidekick_A_Low-Cost_Open-Source_3D-printed_liqu__Bill_of_Materials_2_18_22.xlsx,Sheet1,0.9deg Nema 17 Stepper Motor Bipolar,,2,45.98,45.98,,1,
