paper,repo_url,file,repo_path,size,local_file,status
A cost-effective and open-source near-field electrospinning system with a graphical user interface,https://doi.org/10.17605/OSF.IO/GK6PC,BOM.xlsx,/BOM.xlsx,12876,A_cost-effective_and_open-source_near-field_elec__BOM.xlsx,cached
An Open-Source 3D Bioprinter Using Direct Light Processing for Tissue Engineering Applications,https://osf.io/nzfer,Bill_of_Materials.xlsx,/CAD MODEL/Bill_of_Materials.xlsx,13073,An_Open-Source_3D_Bioprinter_Using_Direct_Light___Bill_of_Materials.xlsx,cached
BIO-SPEC: An open-source bench-top parallel bioreactor system,https://doi.org/10.17605/OSF.IO/39WSB,bill_of_materials.xlsx,/bill_of_materials.xlsx,39972,BIO-SPEC_An_open-source_bench-top_parallel_bior__bill_of_materials.xlsx,cached
OpenWorkstation: A modular open-source technology for automated in vitro workflows,https://github.com/SebastianEggert/OpenWorkstation,workstation_bom_v0.1.xlsx,documentation/docs/workstation_bom_v0.1.xlsx,33551,OpenWorkstation_A_modular_open-source_technolog__workstation_bom_v0.1.xlsx,cached
OpenWorkstation: A modular open-source technology for automated in vitro workflows,https://github.com/SebastianEggert/OpenWorkstation.git,workstation_bom_v0.1.xlsx,documentation/docs/workstation_bom_v0.1.xlsx,33551,OpenWorkstation_A_modular_open-source_technolog__workstation_bom_v0.1.xlsx,cached
Sidekick: A Low-Cost Open-Source 3D-printed liquid dispensing robot,https://github.com/rodolfokeesey/Liquid-Handler/tree/main/3D_,Bill_of_Materials_2_18_22.xlsx,Supporting_Documentation/Bill_of_Materials_2_18_22.xlsx,17604,Sidekick_A_Low-Cost_Open-Source_3D-printed_liqu__Bill_of_Materials_2_18_22.xlsx,cached
Sidekick: A Low-Cost Open-Source 3D-printed liquid dispensing robot,https://github.com/rodolfokeesey/Liquid-Handler/tree/main/PCB,Bill_of_Materials_2_18_22.xlsx,Supporting_Documentation/Bill_of_Materials_2_18_22.xlsx,17604,Sidekick_A_Low-Cost_Open-Source_3D-printed_liqu__Bill_of_Materials_2_18_22.xlsx,cached
Sidekick: A Low-Cost Open-Source 3D-printed liquid dispensing robot,https://github.com/rodolfokeesey/Liquid-Handler/tree/main,Bill_of_Materials_2_18_22.xlsx,Supporting_Documentation/Bill_of_Materials_2_18_22.xlsx,17604,Sidekick_A_Low-Cost_Open-Source_3D-printed_liqu__Bill_of_Materials_2_18_22.xlsx,cached
Sidekick: A Low-Cost Open-Source 3D-printed liquid dispensing robot,https://github.com/rodolfokeesey/Liquid-Handler/blob/main,Bill_of_Materials_2_18_22.xlsx,Supporting_Documentation/Bill_of_Materials_2_18_22.xlsx,17604,Sidekick_A_Low-Cost_Open-Source_3D-printed_liqu__Bill_of_Materials_2_18_22.xlsx,cached
Sidekick: A Low-Cost Open-Source 3D-printed liquid dispensing robot,https://github.com/rodolfokeesey/Liquid-Handler,Bill_of_Materials_2_18_22.xlsx,Supporting_Documentation/Bill_of_Materials_2_18_22.xlsx,17604,Sidekick_A_Low-Cost_Open-Source_3D-printed_liqu__Bill_of_Materials_2_18_22.xlsx,cached
