title,doi,has_fulltext,motion_accuracy,motion_accuracy_value,motion_accuracy_evidence,volumetric_accuracy,volumetric_accuracy_value,volumetric_accuracy_evidence,cell_viability,cell_viability_value,cell_viability_evidence,unattended_operation,unattended_operation_value,unattended_operation_evidence,standard_compliance,standard_compliance_value,standard_compliance_evidence
3D bioprinting of collagen-based high-resolution internally perfusable scaffolds for engineering fully biologic tissue systems,10.1126/sciadv.adu5905,yes,yes,100 mm,Single- material printing used a custom gantry 3D printer configuration driven by four Parker Hannifin 404 × R 100 mm travel precision stages (8- μm travel accuracy) as previously described (64).,no,,,no,,,no,,,no,,
A Custom Ultra-Low-Cost 3D Bioprinter Supports Cell Growth and Differentiation,10.3389/fbioe.2020.580889,yes,no,,,no,,,no,,,no,,,no,,
A Versatile Open-Source Printhead for Low-Cost 3D Microextrusion-Based Bioprinting,10.3390/polym12102346,yes,no,,,no,,,yes,90%,[curated metric] Precise temperature control 2-60C; cell viability >90% at 24 h post-printing,no,,,no,,
An Open-Source 3D Bioprinter Using Direct Light Processing for Tissue Engineering Applications,10.3390/inventions10050092,yes,no,,,no,,,no,,,no,,,no,,
An open source extrusion bioprinter based on the E3D motion system and tool changer to enable FRESH and multimaterial bioprinting,10.1038/s41598-021-00931-1,yes,no,,,no,,,yes,90%,"We found viability to be similar between overnight (~ 20 h) and 1 week cultures, which was on average 90% (Fig. 3g).",no,,,no,,
Design and Implementation of an Accessible 3D Bioprinter: Benchmarking the Performance of a Home-Made Bioprinter against a Professional Bioprinter,10.3390/app131810213,yes,yes,1300 µm,"Printer Testing To evaluate the precision and accuracy of the printer (repeatability and ﬁdelity to a speciﬁed CAD model, respectively), three Cellink Start hydrogel rectilinear line patterns consisting of ﬁve segments with varying distance",no,,,yes,87%,"The cell viability was recovered for both cell lines to 87% (DAOY) and 91% (HUVEC), respectively, 72 h after printing (Figure 6).",no,,,no,,
Design and Validation of a Piston-Driven Syringe-Extrusion Bioprinter Using an FDM Frame,10.3390/biomimetics10120811,yes,no,,,no,,,yes,86.3%,"Biologically, DMs offered an ECM-like microenvironment and shear resistance, sig- nificantly boosting post-printing cell viability (~86.3%) compared to GelMA alone.",no,,,no,,
"Design of an Open-Source, Low-Cost Bioink and Food Melt Extrusion 3D Printer",10.3791/59834,no,na,,,na,,,na,,,na,,,na,,
Development and implementation of a significantly low-cost 3D bioprinter using recycled scrap material,10.3389/fbioe.2023.1108396,yes,yes,10 um,[curated metric] Z-axis step resolution of 10 um; 40 mm/s max non-printing move speed; 2-10 mm/s typical print speed,no,,,no,,,no,,,no,,
Development of a high-performance open-source 3D bioprinter,10.1038/s41598-022-26809-4,yes,yes,8.7 µm,"For the Z-axis, the unidirectional repeatability was 8.7 µm, and the bidirectional repeatability was 38.7 µm.",no,,,no,,,no,,,no,,
Extrusion-Based Bioprinting in a Cost-Effective Bioprinter,10.3390/machines12080518,yes,yes,1 µm,"It is also worth noting that, at a measurement precision of 1 µm when using the dial indicator, even the roughness of the contacting surface with the probe can have a profound effect on the measured values of repeatability since the contact",no,,,no,,,no,,,no,,
LusoBioMaker: A low-cost 3D bioprinter with multi-extrusion and contour printing capabilities for thermo- and photocurable hydrogels towards complex tissue fabrication,10.1016/j.bprint.2025.e00425,yes,no,,,no,,,yes,5 %,"The selected 5 % GelMA lies within the 5–10 % window widely adopted for extrusion bioprinting, providing a compromise between viscosity, print fidelity and cell viability [50].",no,,,yes,ISO 230,Parallelism assessment: This test was performed following ISO 230–1:2012.
Open-source hybrid 3D-bioprinter for simultaneous printing of thermoplastics and hydrogels,10.1016/j.ohx.2021.e00230,yes,no,,,no,,,no,,,no,,,no,,
Srishti: a custom-built laser-assisted 3D bioprinter for fabricating high-resolution biological constructs,10.1186/s44330-025-00051-6,yes,yes,70 mm,"Controlled variations in inter- strand spacing distance enables tuning of porosity in the printed hydrogel structures, where larger gaps facilitate nutrient diffusion, and smaller gaps promote denser cell- cell interactions. [48] The Srisht",no,,,yes,90%,"The optimized parameters enabled the successful printing of controlled mouse cone cells, with a minimum of 3–4 cells per droplet, and a cell viability rate of 80–90%.",no,,,yes,ASTM 52900,"According to ISO/ASTM 52900:2021 (ISO - International Organization for Standardization and ASTM - American Society for Testing and Materi- als), AM refers to layer-by-layer creation of 3D structures based on digital design models, that clos"
mSLAb–An open-source masked stereolithography (mSLA) bioprinter,10.1016/j.ohx.2024.e00543,yes,no,,,no,,,no,,,no,,,no,,
BIO-SPEC: An open-source bench-top parallel bioreactor system,10.1016/j.ohx.2025.e00670,yes,no,,,no,,,no,,,no,,,no,,
Enhanced Growth of Bacterial Cells in a Smart 3D Printed Bioreactor,10.3390/mi14101829,yes,no,,,no,,,no,,,no,,,no,,
The ‘bIUreactor’: an open-source 3D tissue research platform,10.1007/s10439-024-03481-5,yes,no,,,no,,,no,,,no,,,yes,ISO 13485,(Supplement 5) Class VI biomaterial manufactured in ISO 13485 facilities 13.
"A Low-Cost, Open-Source 3D Printer for Multimaterial and High-Throughput Direct Ink Writing of Soft and Living Materials",10.1002/adma.202414971,yes,no,,,no,,,no,,,no,,,no,,
A cost-effective and open-source near-field electrospinning system with a graphical user interface,10.1016/j.ohx.2025.e00691,yes,no,,,yes,15 %,"This balance allows the filament to solidify before lateral instabilities develop, resulting in thin, straight, and highly uniform fibers with a coefficient of variation around 15 % (Table 9)—ideal for biosensing applications requiring high",no,,,no,,,no,,
A 3D-Printed Plate Handler for Automated Handling of Well Plates on the Opentrons OT-2,10.5206/joh.v9i1.22756,yes,no,,,no,,,no,,,no,,,no,,
A robot-assisted acoustofluidic end effector,10.1038/s41467-022-34167-y,yes,no,,,no,,,no,,,no,,,no,,
Adapting a Low-Cost and Open-Source Commercial Pipetting Robot for Nanoliter Liquid Handling,10.1177/2472630320973591,yes,no,,,yes,4%,"For 15 nL transfers, the volume measurements indicated less than 4% error and 4% CV.",no,,,no,,,no,,
An open-source programmable smart pipette for portable cell separation and counting,10.1039/c9ra08368e,yes,no,,,no,,,no,,,no,,,no,,
Analytical Measurements and Efficient Process Generation Using a Dual–Arm Robot Equipped with Electronic Pipettes,10.3390/en11102567,yes,no,,,no,,,no,,,no,,,no,,
Automated Liquid Handler from a 3D Printer,10.1021/acs.jchemed.3c00855,yes,no,,,no,,,no,,,no,,,yes,ISO 8655,Calibration of multi-channel pipettes using gravimetric method in accordance with the ISO 8655−6.
"BioCloneBot: A versatile, low-cost, and open-source automated liquid handler",10.1016/j.ohx.2024.e00516,yes,no,,,no,,,no,,,no,,,no,,
Commit: Digital pipette: open hardware for liquid transfer in self-driving laboratories,10.1039/d5dd00336a,yes,no,,,yes,0.2%,[curated metric] 0.2% random error at 10 mL nominal volume (ISO 8655-6); meets ISO 8655-2 accuracy range,no,,,no,,,yes,ISO 8655,[curated metric] 0.2% random error at 10 mL nominal volume (ISO 8655-6); meets ISO 8655-2 accuracy range
Establishment of low-cost laboratory automation processes using AutoIt and 4-axis robots,10.1016/j.slast.2022.07.001,yes,yes,0.05 mm,"It has higher repeatability than the Dobot Magician (0.05 mm versus 0.2 mm), but it costs almost twice as much (approx- imately 3K € versus 1.5K €) [31] .",no,,,no,,,no,,,no,,
"EvoBot: An Open-Source, Modular, Liquid Handling Robot for Scientific Experiments",10.3390/app10030814,yes,no,,,no,,,no,,,no,,,no,,
FINDUS: An Open-Source 3D Printable Liquid-Handling Workstation for Laboratory Automation in Life Sciences,10.1177/2472630319877374,yes,yes,2 µm,The stepper motor allowed a positional accuracy of synthesis batches and introduced a polypropylene frit into the piston stroke of approximately 2 µm.,yes,1.4%,"The permissible error limits according to For verification of the program flow, we included a simula- ISO8655 were 1.4% to 2.8% of the nominal volume.29 tion mode in offline setup.",no,,,no,,,yes,ISO8655,"Determination of the Pipetting Performance by Means of the Gravimetric Protocol, as Described in ISO8655."
Leveraging flexible pipette-based tool changes to transform liquid handling systems into dual-function sample preparation and imaging platforms,10.1016/j.ohx.2025.e00653,yes,no,,,no,,,no,,,no,,,no,,
Open-source cell culture automation system with integrated cell counting for passaging microplate cultures,10.1093/pnasnexus/pgaf385,yes,no,,,yes,10%,"The useful lower bound is dictated by the acceptable error for the application; for example, the best-case statistically achiev- able CV is ∼10% at a sample concentration around 100 k cells/mL and gets worse with decreasing concentration.",no,,,yes,walk-away,"While the end-to-end time for a run, including the setup, teardown, and robot operation, is significantly longer than for the manual pro- cess, there is a substantial period of “walk-away” time during which the operator is able to attend to",no,,
Open-source personal pipetting robots with live-cell incubation and microscopy compatibility,10.1038/s41467-022-30643-7,yes,yes,0.1 mm,"[curated metric] ~0.1 mm pipette positioning accuracy above well bottom (96-well plate, validated via fluorescence imaging)",yes,1µl,Having confirmed pipetting accuracy and reprodu- approximately 1µl.,no,,,no,,,no,,
OpenLH: Open Liquid-Handling System for Creative Experimentation with Biology,10.1145/3294109.3295619,yes,no,,,no,,,no,,,no,,,no,,
OpenWorkstation: A modular open-source technology for automated in vitro workflows,10.1016/j.ohx.2020.e00152,yes,no,,,no,,,no,,,no,,,no,,
"PyLabRobot: An open-source, hardware-agnostic interface for liquid-handling robots and accessories",10.1101/2023.07.10.547733 | 10.1016/j.device.2023.100111,yes,no,,,no,,,no,,,no,,,no,,
Real-time AI-driven quality control for laboratory automation: a novel computer vision solution for the opentrons OT-2 liquid handling robot,10.1007/s10489-025-06334-3,yes,no,,,no,,,no,,,no,,,no,,
Sidekick: A Low-Cost Open-Source 3D-printed liquid dispensing robot,10.1016/j.ohx.2022.e00319,yes,no,,,no,,,no,,,no,,,yes,ANSI SLAS,"If a user is only dispensing onto a single (ANSI SLAS 4– 2004 [24]) SBS microplate, the creation of such a large machine is unnecessary."
Technical upgrade of an open-source liquid handler to support bacterial colony screening,10.3389/fbioe.2023.1202836,yes,no,,,no,,,no,,,no,,,no,,
A high performance open-source syringe extruder optimized for extrusion and retraction during FRESH 3D bioprinting,10.1016/j.ohx.2020.e00170,yes,yes,300 um,[curated metric] Filaments down to 3.35 nL volume; printed channels patent down to 300 um width; printer travel accuracy <35 um (3 axes),no,,,no,,,no,,,no,,
Design and Validation of an Open-Hardware Print-Head for Bioprinting Application,10.1016/j.proeng.2015.07.015,yes,no,,,no,,,yes,10%,"Each well was previously ﬁlled with 450 μl of complete medium (EMEM containing 10%v/v Fetal Bovine Serum, 2mM L-glutamine and 1%v/v of antibiotic antimicotic solution), as the impact of the droplet with rigid substrates strongly decreases c",no,,,no,,
Fabrication and validation of an affordable DIY coaxial 3D extrusion bioprinter,10.1038/s41598-025-06478-9,yes,no,,,no,,,yes,90%,"However, cell viability in printed conditions recovered to over 90% after 7 days.",no,,,no,,
Nydus One Syringe Extruder (NOSE): A Prusa i3 3D printer conversion for bioprinting applications,10.1016/j.ohx.2019.e00069,yes,no,,,no,,,no,,,no,,,no,,
The Enderstruder: An accessible open-source syringe extruder compatible with Ender series 3D printers,10.1016/j.ohx.2024.e00510,yes,no,,,no,,,no,,,no,,,no,,
"Homebrew photolithography for the rapid and low-cost,“Do It Yourself” prototyping of microfluidic devices",10.1021/acsomega.3c05544,yes,no,,,no,,,no,,,no,,,no,,
Hydrogel Patterns in Microfluidic Devices by Do-It-Yourself UV-Photolithography Suitable for Very Large-Scale Integration,10.3390/mi11050479,yes,no,,,no,,,no,,,no,,,no,,
"Low-cost, versatile, and highly reproducible microfabrication pipeline to generate 3D-printed customised cell culture devices with complex designs",10.1371/journal.pbio.3002503,yes,no,,,no,,,no,,,no,,,no,,
Melt Electrowriting of Nylon‐12 Microfibers with an Open‐Source 3D Printer,10.1002/marc.202300424,yes,no,,,no,,,no,,,no,,,no,,
3D Printing of Individualized Microfluidic Chips with DLP-Based Printer,10.3390/ma16216984,yes,no,,,no,,,yes,2.70%,The cell viability decreases from 64.03 ± 2.70% on the ﬁrst day to 32.13 ± 5.56% on the fourth day.,no,,,no,,
A simple method of fabricating mask-free microfluidic devices for biological analysis,10.1063/1.3487796,yes,no,,,no,,,no,,,no,,,no,,
Mask-free laser lithography for rapid and low-cost microfluidic device fabrication,10.1021/acs.analchem.8b03169,yes,no,,,no,,,no,,,no,,,no,,
Modular microfluidic systems cast from 3D-printed molds for imaging leukocyte adherence to differentially treated endothelial cultures,10.1038/s41598-019-47475-z,yes,no,,,no,,,no,,,no,,,no,,
"Open-source, community-driven microfluidics with Metafluidics",10.1038/nbt.3873,yes,no,,,no,,,no,,,no,,,no,,
Teach your microscope how to print: low-cost and rapid-iteration microfabrication for biology,10.1039/d5lc00181a,yes,no,,,no,,,no,,,no,,,no,,
STARTER: a stand-alone reconfigurable and translational organ-on-chip platform based on modularity and open design principles,10.1039/d5lc00756a,yes,no,,,no,,,no,,,no,,,yes,ANSI/SLAS,"Our study introduces a modular microfluidic platform that integrates swappable modules for pumping, sensing, and OoCs, all within the ANSI/SLAS microplate footprint."
"Design and implementation of a low cost bio-printer modification, allowing for switching between plastic and gel extrusion",10.1016/j.ohx.2021.e00186,yes,no,,,no,,,no,,,no,,,no,,
Development of a microfluidic-assisted open-source 3D bioprinting system (MOS3S) for the engineering of hierarchical tissues,10.1016/j.ohx.2024.e00527,yes,no,,,no,,,no,,,no,,,no,,
Designing cost-effective open-source multihead 3D bioprinters,10.1089/genbio.2022.0021,yes,no,,,no,,,yes,85%,"Cell viability was consistently >85% for a period inkformulationusedhere. of 3 months indicating good biocompatibility and suitability Before loading the bioink, the printheads were cleaned of NICE bioink for 3D bioprinting using dual extru",no,,,no,,
Principles of computer-controlled linear motion applied to an open-source affordable liquid handler for automated micropipetting,10.1038/s41598-020-70465-5,yes,yes,320 μm,"While this resolution is over an order of a magnitude greater than required, reversal error (U), which is a combination of backlash and hysteresis24, limits the positional accuracy (PA) of this linear actuator to 320 μm (Fig. 3B).",no,,,no,,,yes,unattended,"OTTO was designed to eliminate liquid handling malfunctions that would lead to low adoption of this technology, since users would not have confidence to leave OTTO unattended.",no,,
