record,paper_title,file,source_filename,what,copied_on
005,"A Low-Cost, Open-Source 3D Printer for Multimaterial and High-Throughput Direct Ink Writing of Soft and Living Materials",pdfs/supplementary/005_adma202414971-sup-0001-suppmat.docx,adma202414971-sup-0001-suppmat.docx,Supporting Information (Wiley),2026-09-29
022,Development of a microfluidic-assisted open-source 3D bioprinting system (MOS3S) for the engineering of hierarchical tissues,pdfs/supplementary/022_mmc1-4.pdf,mmc1-4.pdf,Supplementary information (HardwareX mmc1),2026-09-29
025,FINDUS: An Open-Source 3D Printable Liquid-Handling Workstation for Laboratory Automation in Life Sciences,pdfs/supplementary/025_mmc1-suppl-2.pdf,mmc1-suppl-2.pdf,Supplementary information (HardwareX),2026-09-29
042,STARTER: a stand-alone reconfigurable and translational organ-on-chip platform based on modularity and open design principles,pdfs/supplementary/042_d5lc00756a1_suppl.pdf,d5lc00756a1_suppl.pdf,Supplementary Information (Lab on a Chip),2026-09-29
046,Adapting a Low-Cost and Open-Source Commercial Pipetting Robot for Nanoliter Liquid Handling,pdfs/supplementary/046_mmc1-suppl.pdf,mmc1-suppl.pdf,Supplemental Material (SLAS Technology),2026-09-29
047,mSLAb–An open-source masked stereolithography (mSLA) bioprinter,pdfs/supplementary/047_mmc1.pdf,mmc1.pdf,Supporting Information (HardwareX mmc1),2026-09-29
049,BIO-SPEC: An open-source bench-top parallel bioreactor system,pdfs/supplementary/049_mmc1-2.pdf,mmc1-2.pdf,Supplementary information (HardwareX),2026-09-29
055,Establishment of low-cost laboratory automation processes using AutoIt and 4-axis robots,pdfs/supplementary/055_mmc2.docx,mmc2.docx,Supplementary figure S1 (SLAS Technology mmc2),2026-09-29
057,An open-source programmable smart pipette for portable cell separation and counting,pdfs/supplementary/057_c9ra08368e1_suppl.pdf,c9ra08368e1_suppl.pdf,Electronic Supplementary Information (RSC Advances),2026-09-29
059,Melt Electrowriting of Nylon‐12 Microfibers with an Open‐Source 3D Printer,pdfs/supplementary/059_marc202300424-sup-0001-suppmat.pdf,marc202300424-sup-0001-suppmat.pdf,Supporting Information (Macromol. Rapid Commun.),2026-09-29
036,OpenWorkstation: A modular open-source technology for automated in vitro workflows,pdfs/supplementary/036_mmc1-3.pdf,mmc1-3.pdf,Build instructions v0.2 (HardwareX mmc1),2026-09-29
036,OpenWorkstation: A modular open-source technology for automated in vitro workflows,pdfs/supplementary/036_mmc2.pdf,mmc2.pdf,Supplementary figures (HardwareX mmc2),2026-09-29
036,OpenWorkstation: A modular open-source technology for automated in vitro workflows,pdfs/supplementary/036_mmc3.xlsx,mmc3.xlsx,"Bill of materials, AUD and USD (HardwareX mmc3)",2026-09-29
053,Teach your microscope how to print: low-cost and rapid-iteration microfabrication for biology,pdfs/supplementary/053_d5lc00181a2_suppl.pdf,d5lc00181a2_suppl.pdf,Supplementary Information (Lab on a Chip),2026-09-29
030,Nydus One Syringe Extruder (NOSE): A Prusa i3 3D printer conversion for bioprinting applications,pdfs/supplementary/030_mmc2.zip,mmc2.zip,"STL set: Adapter, Press, Servoholder, Syringeholder (files dated 2019-06-11; probable attribution -- NOSE is the 2019 syringe-extruder paper and its text names the syringe holder; Sidekick is 2022)",2026-09-29
006,A robot-assisted acoustofluidic end effector,pdfs/supplementary/006_MOESM1_ESM.pdf,41467_2022_34167_MOESM1_ESM.pdf,"Supplementary Information: theory notes and figures; no link, licence or cost",2026-09-29
006,A robot-assisted acoustofluidic end effector,pdfs/supplementary/006_MOESM2_ESM.pdf,41467_2022_34167_MOESM2_ESM.pdf,Descriptions of the ten supplementary movies,2026-09-29
006,A robot-assisted acoustofluidic end effector,pdfs/supplementary/006_MOESM16_ESM.pdf,41467_2022_34167_MOESM16_ESM.pdf,"Program code: Python control of the Dorna robotic arm (software, no licence header)",2026-09-29
006,A robot-assisted acoustofluidic end effector,pdfs/supplementary/006_Supplementary_Data/,Supplementary Data/,"Source data and MATLAB scripts for Figs 2C, 2D, 6b, S3, S4",2026-09-29
026,"Homebrew photolithography for the rapid and low-cost,“Do It Yourself” prototyping of microfluidic devices",pdfs/supplementary/026_ao3c05544_si_003.pdf,ao3c05544_si_003-2.pdf,"Home-made spincoater assembly instructions and figures; CAD shown as images; 3D files ""available upon reasonable request""",2026-09-29
027,Leveraging flexible pipette-based tool changes to transform liquid handling systems into dual-function sample preparation and imaging platforms,pdfs/supplementary/027_mmc1.mp4,mmc1-2.mp4,Assembly video (2.5 MB); the design files are on Mendeley Data 10.17632/xc5488grcv.3,2026-09-29
029,Mask-free laser lithography for rapid and low-cost microfluidic device fabrication,pdfs/supplementary/029_ac8b03169_si_001.pdf,ac8b03169_si_001.pdf,"Chemical compatibility table and a calculation; no files, link or licence",2026-09-29
034,"Open-source, community-driven microfluidics with Metafluidics",pdfs/supplementary/034_MOESM21_ESM.pdf,41587_2017_BFnbt3873_MOESM21_ESM.pdf,Supplementary figures and methods for the example devices; the repository is metafluidics.org itself,2026-09-29
044,The ‘bIUreactor’: an open-source 3D tissue research platform,pdfs/supplementary/044_MOESM1_ESM.pdf,10439_2024_3481_MOESM1_ESM.pdf,Supplement 1: design requirements,2026-09-29
044,The ‘bIUreactor’: an open-source 3D tissue research platform,pdfs/supplementary/044_MOESM2_ESM.pdf,10439_2024_3481_MOESM2_ESM.pdf,"Supplement 2: drawings, parts list, mold information, Arduino code",2026-09-29
044,The ‘bIUreactor’: an open-source 3D tissue research platform,pdfs/supplementary/044_MOESM3_ESM.pdf,10439_2024_3481_MOESM3_ESM.pdf,Supplement 3: Arduino motor control setup and programming (firmware),2026-09-29
044,The ‘bIUreactor’: an open-source 3D tissue research platform,pdfs/supplementary/044_MOESM4_ESM.pdf,10439_2024_3481_MOESM4_ESM.pdf,Supplement 4: user manual; PreForm files at github.iu.edu/smitlej (institutional login, not public),2026-09-29
044,The ‘bIUreactor’: an open-source 3D tissue research platform,pdfs/supplementary/044_MOESM5_ESM.pdf,10439_2024_3481_MOESM5_ESM.pdf,"Supplement 5: itemised costs; full kit $7,986.35 including the Form 3B+ printer ($4,299), consumables per run ~$349",2026-09-29
054,Automated Liquid Handler from a 3D Printer,pdfs/supplementary/054_ed3c00855_si_002/,ed3c00855_si_002/,"Six SolidWorks part files (.SLDPRT): pipette head, holder, button, complete head assembly -- the CAD",2026-09-29
054,Automated Liquid Handler from a 3D Printer,pdfs/supplementary/054_ed3c00855_si_001.mp4,ed3c00855_si_001.mp4,Demonstration video (10 MB),2026-09-29
009,An open source extrusion bioprinter based on the E3D motion system and tool changer to enable FRESH and multimaterial bioprinting,pdfs/supplementary/009_MOESM4_ESM.docx,41598_2021_931_MOESM4_ESM.docx,Supplementary information cover: lists the three data packages,2026-09-29
009,An open source extrusion bioprinter based on the E3D motion system and tool changer to enable FRESH and multimaterial bioprinting,pdfs/supplementary/009_MOESM1_ESM.xlsx,41598_2021_931_MOESM1_ESM.xlsx,"Supplementary Data 1: bill of materials (parts, product names, links; no prices)",2026-09-29
009,An open source extrusion bioprinter based on the E3D motion system and tool changer to enable FRESH and multimaterial bioprinting,pdfs/supplementary/009_Printer_components_STL_and_STEP_files/,"Printer components, STL and STEP files/","Supplementary Data 2: 28 STL/STEP files (tools, enclosure, calibration mounts)",2026-09-29
009,An open source extrusion bioprinter based on the E3D motion system and tool changer to enable FRESH and multimaterial bioprinting,pdfs/supplementary/009_Slicing_profiles_configuration_files_and_macros/,"Slicing profiles, configuration files and macros/","Supplementary Data 3: Duet config and macros, firmware binaries, Simplify3D profiles (69 files)",2026-09-29
048,LusoBioMaker: A low-cost 3D bioprinter with multi-extrusion and contour printing capabilities for thermo- and photocurable hydrogels towards complex tissue fabrication,pdfs/supplementary/048_mmc1.pdf,1-s2.0-S2405886625000417-mmc1.pdf,"Supporting Information: bill of materials with costs (total 735.56 EUR incl. printer), print parameters, G-code modifications, figures; no link or licence",2026-09-29
052,A Custom Ultra-Low-Cost 3D Bioprinter Supports Cell Growth and Differentiation,pdfs/supplementary/052_Presentation_1/,Presentation 1/,Supplementary figures and primer table (PDF) plus six videos; no repository named despite the availability statement,2026-09-29
060,Modular microfluidic systems cast from 3D-printed molds for imaging leukocyte adherence to differentially treated endothelial cultures,pdfs/supplementary/060_MOESM1_ESM.pdf,41598_2019_47475_MOESM1_ESM-2.pdf,"Supplementary information: figures and methods; no link, licence or cost",2026-09-29
060,Modular microfluidic systems cast from 3D-printed molds for imaging leukocyte adherence to differentially treated endothelial cultures,pdfs/supplementary/060_MOESM2_ESM.mov,41598_2019_47475_MOESM2_ESM.mov,Supplementary video,2026-09-29
060,Modular microfluidic systems cast from 3D-printed molds for imaging leukocyte adherence to differentially treated endothelial cultures,pdfs/supplementary/060_MOESM3_ESM.mov,41598_2019_47475_MOESM3_ESM.mov,Supplementary video,2026-09-29
060,Modular microfluidic systems cast from 3D-printed molds for imaging leukocyte adherence to differentially treated endothelial cultures,pdfs/supplementary/060_MOESM4_ESM.mov,41598_2019_47475_MOESM4_ESM.mov,Supplementary video,2026-09-29
060,Modular microfluidic systems cast from 3D-printed molds for imaging leukocyte adherence to differentially treated endothelial cultures,pdfs/supplementary/060_MOESM5_ESM/,41598_2019_47475_MOESM5_ESM/,"Supplementary Data 5: barrier module, flow module, alignment guide as STEP and STL",2026-09-29
