paper_title,doi,primary_link,year,category,subcategory,modality,system_or_technology,type,venue,inclusion_fit,key_sources,license,repo_oshw_link,what_is_open_sourced,why_it_matters,approximate_cost_or_cost_usd,low_cost,easy_to_build,easy_to_use,open_source,rank,key_democratizing_feature,motivation_use_case,limitation,function,build_time,build_complexity,technical_skills_needed,key_performance_metric,scale_throughput,material_reagent_compatibility,open_source_resources,main_advantage,source_workbooks,source_rows,source_paths,dedupe_basis
3D bioprinting of collagen-based high-resolution internally perfusable scaffolds for engineering fully biologic tissue systems,10.1126/sciadv.adu5905,https://www.science.org/doi/10.1126/sciadv.adu5905,2025,Bioprinting,,Extrusion,,Open-source workflow/analysis,Science Advances,Included (new open-source bioprinting tool),Science Advances DOI page,,,(Verify) Replistruder-associated tooling/design files; paper likely links to open components.,Likely the key Replistruder-associated publication; we should extract the repo link from full text.,,Unknown,,Yes,Yes,0,,,,,,,,,,,,,bioprinting,bioprinting:30,/Users/iyakavets/Library/CloudStorage/OneDrive-SharedLibraries-UniversityofToronto/Acceleration Consortium Research - AC Research Docs/SDL6 - HOM/Projects/biofacrication_perspective/deep search analysis/Open-Source Bioprinting Tools.xlsx,"doi, url"
A 3D-Printed Plate Handler for Automated Handling of Well Plates on the Opentrons OT-2,10.5206/joh.v9i1.22756,https://doi.org/10.5206/joh.v9i1.22756,2025,Liquid Handling,,"Automation, High-throughput screening",,Protocol/paper,Journal of Open Hardware,Included (open-source liquid handling hardware),,,,,,,yes,yes,yes,yes,1,,,,,,,,,,,,,liquid_handling | old_table | summary,liquid_handling:11 | old_table:34 | summary:36,/Users/iyakavets/Library/CloudStorage/OneDrive-SharedLibraries-UniversityofToronto/Acceleration Consortium Research - AC Research Docs/SDL6 - HOM/Projects/biofacrication_perspective/deep search analysis/Open-Source Liquid Handling Hardware.xlsx | /Users/iyakavets/Library/CloudStorage/OneDrive-SharedLibraries-UniversityofToronto/Acceleration Consortium Research - AC Research Docs/SDL6 - HOM/Projects/biofacrication_perspective/deep search analysis/Old table.xlsx | /Users/iyakavets/Library/CloudStorage/OneDrive-SharedLibraries-UniversityofToronto/Acceleration Consortium Research - AC Research Docs/SDL6 - HOM/Projects/biofacrication_perspective/deep search analysis/Summary Table.xlsx,"doi, url, title"
A cost-effective and open-source near-field electrospinning system with a graphical user interface,10.1016/j.ohx.2025.e00691,https://doi.org/10.1016/j.ohx.2025.e00691,2025,Electrospinning (biofabrication) | Microfabrication/Electrospinning (biofabrication),,,Low-cost near-field electrospinning machine | Low-cost near-field electrospinning (NFES) system,,,,,,,,,1200 USD,,yes,yes,,,"open-source hardware, firmware, software; easy to build with widely available tools and 3D printed parts; user-friendly interfaces; modular components + ability to integrate new extrusion hardware; enables reproducible, programmable, NFES workflows without needing to understand electrospinning physics","easy to operate; reproducibility (limitation of traditional custom-build systems); for precise, programmable nanofiber patterning",Lower throughput/single-setup; reproducibility and fiber consistency still depend on careful calibration,Open-source NFES system with GUI for programmable nanofiber patterning,Not reported,Moderate,3D printing; Arduino/electronics; basic GUI software use (no electrospinning-physics expertise required to operate),Fiber diameters in the ~6-25 um range reported for related NFES setups (exact resolution not specified in this paper's available excerpt),Single-collector setup (modular extrusion hardware can be added),Polymer solutions (demonstrated with polyethylene oxide); modular design allows new extrusion hardware,design files available on OSF website | Design files on OSF website,"User-friendly GUI removes need to understand electrospinning physics; reproducible, programmable fiber patterning (a common limitation of custom-built NFES rigs)",old_table | summary,old_table:7 | summary:7,/Users/iyakavets/Library/CloudStorage/OneDrive-SharedLibraries-UniversityofToronto/Acceleration Consortium Research - AC Research Docs/SDL6 - HOM/Projects/biofacrication_perspective/deep search analysis/Old table.xlsx | /Users/iyakavets/Library/CloudStorage/OneDrive-SharedLibraries-UniversityofToronto/Acceleration Consortium Research - AC Research Docs/SDL6 - HOM/Projects/biofacrication_perspective/deep search analysis/Summary Table.xlsx,url | merged tool+paper record
A high performance open-source syringe extruder optimized for extrusion and retraction during FRESH 3D bioprinting,10.1016/j.ohx.2020.e00170,https://doi.org/10.1016/j.ohx.2020.e00170,2021,Liquid Handling | Bioprinting,,"Extrusion, FRESH",Replistruder 4,Open-source extruder/printhead,(check full text),Included (new open-source bioprinting tool),PMC full text,,,Syringe extruder design optimized for FRESH (extrusion + retraction performance).,Directly comparable to Replistruder—an open syringe/extrusion tool that enables better bioink handling.,141 USD + 3D Printer,Yes,yes,yes | Yes,Yes,1,Open-source files and instructions. Adapts to various existing printer. Low cost. Uses off-the-shelf and 3d printed parts. High precision.,"Cheap, more control over operatiions. Unique functionality. Easy to modify and adpat to custom needs.","no commercial benchmarking, no biological validation | Requires a separate host 3D printer/motion platform; overall print quality depends on rigidity of that host platform",High-performance open-source syringe extruder for extrusion/retraction control in FRESH 3D bioprinting,Not reported,Moderate,3D printing; mechanical assembly; mounting/calibration on host printer,Filaments down to 3.35 nL volume; printed channels patent down to 300 um width; printer travel accuracy <35 um (3 axes),Single-syringe (1uL-10 mL range); multiple units can be combined for multi-material printing,Wide bioink range; compatible with Hamilton gastight syringes (stainless steel/Teflon/glass) and silicone,"CAD File, install guide | CAD files and install guide (HardwareX)","Low cost vs. commercial extruders ($5,000-120,000); enables retraction (precision control unavailable in pneumatic systems); adaptable to many desktop 3D printers",bioprinting | old_table | summary,bioprinting:3 | old_table:4 | summary:4,/Users/iyakavets/Library/CloudStorage/OneDrive-SharedLibraries-UniversityofToronto/Acceleration Consortium Research - AC Research Docs/SDL6 - HOM/Projects/biofacrication_perspective/deep search analysis/Open-Source Bioprinting Tools.xlsx | /Users/iyakavets/Library/CloudStorage/OneDrive-SharedLibraries-UniversityofToronto/Acceleration Consortium Research - AC Research Docs/SDL6 - HOM/Projects/biofacrication_perspective/deep search analysis/Old table.xlsx | /Users/iyakavets/Library/CloudStorage/OneDrive-SharedLibraries-UniversityofToronto/Acceleration Consortium Research - AC Research Docs/SDL6 - HOM/Projects/biofacrication_perspective/deep search analysis/Summary Table.xlsx,"url, title | url | merged tool+paper record"
"A Low-Cost, Open-Source 3D Printer for Multimaterial and High-Throughput Direct Ink Writing of Soft and Living Materials",10.1002/adma.202414971,https://advanced.onlinelibrary.wiley.com/doi/epdf/10.1002/adma.202414971,2025,Custom Printer | Bioprinting,,"Direct ink writing, Extrusion",Printess,Open-source bioprinter (full system),Advanced Materials,Maybe (open-source but not bioprinting-specific),PMC full text + DOI,,,Open-source DIW platform targeting soft + living materials with multimaterial/high-throughput.,Adjacent platform for living-material printing; include if you want broader DIW-living-materials tooling.,250 USD | 250,Yes,No,Maybe | Yes,Yes,1,Low cost. Full DIY not retrofit. Open-source. Uses widely available components.,Multi Nozzle printing. High end features for afforable price.,"Full custom build (not a retrofit) at very low cost; high-end multimaterial/multinozzle features rivaling expensive commercial DIW systems; compact (3 kg, 23x23x40 cm)","Fully DIY (not retrofit) open-source 3D printer for multimaterial, high-throughput direct ink writing",Not reported (built from scratch,,,Electronics/microcontroller wiring; 3D printing; laser cutting; mechanical assembly,10 um motion repeatability; +/-5 um positioning repeatability; switching resolution down to 1 mm (5 Hz at 5 mm/s print speed),Multi-nozzle (up to 8 outputs demonstrated); high-throughput multimaterial printing,"CAD files, Github - instructions and software | Wide range of inks/viscosities and curing chemistries, incl. cell-laden biological materials",CAD files; GitHub (software + instructions); printess.org,bioprinting | old_table | summary,bioprinting:9 | old_table:5 | summary:5,/Users/iyakavets/Library/CloudStorage/OneDrive-SharedLibraries-UniversityofToronto/Acceleration Consortium Research - AC Research Docs/SDL6 - HOM/Projects/biofacrication_perspective/deep search analysis/Open-Source Bioprinting Tools.xlsx | /Users/iyakavets/Library/CloudStorage/OneDrive-SharedLibraries-UniversityofToronto/Acceleration Consortium Research - AC Research Docs/SDL6 - HOM/Projects/biofacrication_perspective/deep search analysis/Old table.xlsx | /Users/iyakavets/Library/CloudStorage/OneDrive-SharedLibraries-UniversityofToronto/Acceleration Consortium Research - AC Research Docs/SDL6 - HOM/Projects/biofacrication_perspective/deep search analysis/Summary Table.xlsx,"doi, url, title"
A robot-assisted acoustofluidic end effector,10.1038/s41467-022-34167-y,https://doi.org/10.1038/s41467-022-34167-y,2022,Liquid Handling,,"Automation, Liquid handling",,Protocol/paper,Nature Communications,Maybe (needs verification),,,,,Robot arm + acoustofluidic end effector to do microfluidic-style liquid manipulation and automated mixing.,,yes,maybe,maybe,no,0,,,,,,,,,,,,,liquid_handling | old_table | summary,liquid_handling:29 | old_table:27 | summary:29,/Users/iyakavets/Library/CloudStorage/OneDrive-SharedLibraries-UniversityofToronto/Acceleration Consortium Research - AC Research Docs/SDL6 - HOM/Projects/biofacrication_perspective/deep search analysis/Open-Source Liquid Handling Hardware.xlsx | /Users/iyakavets/Library/CloudStorage/OneDrive-SharedLibraries-UniversityofToronto/Acceleration Consortium Research - AC Research Docs/SDL6 - HOM/Projects/biofacrication_perspective/deep search analysis/Old table.xlsx | /Users/iyakavets/Library/CloudStorage/OneDrive-SharedLibraries-UniversityofToronto/Acceleration Consortium Research - AC Research Docs/SDL6 - HOM/Projects/biofacrication_perspective/deep search analysis/Summary Table.xlsx,"doi, url, title"
A simple method of fabricating mask-free microfluidic devices for biological analysis,10.1063/1.3487796,https://doi.org/10.1063/1.3487796,2010,Microfluidics,,,,,,,,,,,,,,,,,,,,,,,,,,,,,,old_table | summary,old_table:20 | summary:22,/Users/iyakavets/Library/CloudStorage/OneDrive-SharedLibraries-UniversityofToronto/Acceleration Consortium Research - AC Research Docs/SDL6 - HOM/Projects/biofacrication_perspective/deep search analysis/Old table.xlsx | /Users/iyakavets/Library/CloudStorage/OneDrive-SharedLibraries-UniversityofToronto/Acceleration Consortium Research - AC Research Docs/SDL6 - HOM/Projects/biofacrication_perspective/deep search analysis/Summary Table.xlsx,url
A Versatile Open-Source Printhead for Low-Cost 3D Microextrusion-Based Bioprinting,10.3390/polym12102346,https://doi.org/10.3390/polym12102346,2020,Bioprinting,,Extrusion,Microextrusion-based bioprinting printhead,Open-source extruder/printhead,Polymers,Included (new open-source bioprinting tool),MDPI PDF,,,Open-source printhead design for microextrusion bioprinting.,Shows an open printhead design path for lowering barriers to microextrusion bioprinting.,<70 USD,Yes,yes,yes | Yes,Yes,0,"open-source hardware, firmware, documentation; 3D printable and assembled using widely available tools; easy to install on common desktop 3D printers; modular design; multi-material capability",multi‑syringe compatibility; full thermal control; multi‑material capability; broad printer compatibility; low cost; open documentation,"no long-term viability metrics, | Limited print resolution compared to specialized commercial microextrusion systems; shear stress on cells remains a consideration",Open-source printhead that converts standard desktop 3D printers into bioprinters,Not reported,Low-Moderate,3D printing; basic electronics wiring; installation on existing desktop 3D printer,Precise temperature control 2-60C; cell viability >90% at 24 h post-printing,Modular -- multiple printhead units can be combined on one carriage for multi-material printing,"Validated with gelatin, alginate, and poloxamer bioinks; broad printer compatibility (3 different desktop printers tested)",GitHub and NIH 3D Print Exchange,Very low cost; full thermal control; multi-material capable; broad compatibility with common desktop 3D printers,bioprinting | old_table | summary,bioprinting:28 | old_table:8 | summary:8,/Users/iyakavets/Library/CloudStorage/OneDrive-SharedLibraries-UniversityofToronto/Acceleration Consortium Research - AC Research Docs/SDL6 - HOM/Projects/biofacrication_perspective/deep search analysis/Open-Source Bioprinting Tools.xlsx | /Users/iyakavets/Library/CloudStorage/OneDrive-SharedLibraries-UniversityofToronto/Acceleration Consortium Research - AC Research Docs/SDL6 - HOM/Projects/biofacrication_perspective/deep search analysis/Old table.xlsx | /Users/iyakavets/Library/CloudStorage/OneDrive-SharedLibraries-UniversityofToronto/Acceleration Consortium Research - AC Research Docs/SDL6 - HOM/Projects/biofacrication_perspective/deep search analysis/Summary Table.xlsx,"url, title | url | merged tool+paper record"
An open source extrusion bioprinter based on the E3D motion system and tool changer to enable FRESH and multimaterial bioprinting,10.1038/s41598-021-00931-1,https://www.nature.com/articles/s41598-021-00931-1,2021,Bioprinting,,"Extrusion, FRESH",,Open-source bioprinter (full system),Scientific Reports,Included (new open-source bioprinting tool),Nature Sci Rep page,,,Hardware + toolchanger-based platform enabling FRESH + multimaterial workflows.,Open-source multimaterial/FRESH-enabling design; very aligned with ‘Replistruder-like’ tooling.,,Yes,,Yes,Yes,0,,,no commercial benchmarking,,,,,,,,,,bioprinting | old_table | summary,bioprinting:27 | old_table:14 | summary:16,/Users/iyakavets/Library/CloudStorage/OneDrive-SharedLibraries-UniversityofToronto/Acceleration Consortium Research - AC Research Docs/SDL6 - HOM/Projects/biofacrication_perspective/deep search analysis/Open-Source Bioprinting Tools.xlsx | /Users/iyakavets/Library/CloudStorage/OneDrive-SharedLibraries-UniversityofToronto/Acceleration Consortium Research - AC Research Docs/SDL6 - HOM/Projects/biofacrication_perspective/deep search analysis/Old table.xlsx | /Users/iyakavets/Library/CloudStorage/OneDrive-SharedLibraries-UniversityofToronto/Acceleration Consortium Research - AC Research Docs/SDL6 - HOM/Projects/biofacrication_perspective/deep search analysis/Summary Table.xlsx,"url, title"
An Open-Source 3D Bioprinter Using Direct Light Processing for Tissue Engineering Applications,10.3390/inventions10050092,https://www.mdpi.com/2411-5134/10/5/92,2025,Bioprinting,,"DLP, Vat photopolymerization",,Open-source bioprinter (full system),Inventions (MDPI),Included (new open-source bioprinting tool),MDPI landing + DOI; DOAJ abstract,,,Open-source bottom-up DLP bioprinter (control architecture + custom interface; verify shared files).,Extends the table beyond extrusion: open-source light-based bioprinting hardware.,,yes,,yes,yes,1,,,,,,,,,,,,,bioprinting | old_table | summary,bioprinting:21 | old_table:16 | summary:18,/Users/iyakavets/Library/CloudStorage/OneDrive-SharedLibraries-UniversityofToronto/Acceleration Consortium Research - AC Research Docs/SDL6 - HOM/Projects/biofacrication_perspective/deep search analysis/Open-Source Bioprinting Tools.xlsx | /Users/iyakavets/Library/CloudStorage/OneDrive-SharedLibraries-UniversityofToronto/Acceleration Consortium Research - AC Research Docs/SDL6 - HOM/Projects/biofacrication_perspective/deep search analysis/Old table.xlsx | /Users/iyakavets/Library/CloudStorage/OneDrive-SharedLibraries-UniversityofToronto/Acceleration Consortium Research - AC Research Docs/SDL6 - HOM/Projects/biofacrication_perspective/deep search analysis/Summary Table.xlsx,"doi, url, title"
Analytical Measurements and Efficient Process Generation Using a Dual–Arm Robot Equipped with Electronic Pipettes,10.3390/en11102567,https://doi.org/10.3390/en11102567,2018,Liquid Handling,,"Automation, Pipetting/dispensing",,Protocol/paper,Energies,Maybe (needs verification),,,,,Dual-arm robot using electronic pipettes for liquid handling in analytical workflows.,,no,no,yes,no,0,,,,,,,,,,,,,liquid_handling,liquid_handling:31,/Users/iyakavets/Library/CloudStorage/OneDrive-SharedLibraries-UniversityofToronto/Acceleration Consortium Research - AC Research Docs/SDL6 - HOM/Projects/biofacrication_perspective/deep search analysis/Open-Source Liquid Handling Hardware.xlsx,"doi, url"
"BioCloneBot: A versatile, low-cost, and open-source automated liquid handler",10.1016/j.ohx.2024.e00516,https://pmc.ncbi.nlm.nih.gov/articles/PMC10955647/,2024,Liquid Handling,,"Automated pipetting, Liquid handling",,Open-source liquid handler (full robot),HardwareX,Included (open-source liquid handling hardware),PMC full text + DOI; GitHub,,https://github.com/KoaCWells/BioCloneBot,BioCloneBot hardware + build for a low-cost open-source automated liquid handler (verify scope of released design files in paper/GitHub).,One of the clearest recent open-hardware liquid-handling robots with a full paper + accessible full text.,,yes,no,yes,yes,0,,,,,,,,,,,,,liquid_handling,liquid_handling:19,/Users/iyakavets/Library/CloudStorage/OneDrive-SharedLibraries-UniversityofToronto/Acceleration Consortium Research - AC Research Docs/SDL6 - HOM/Projects/biofacrication_perspective/deep search analysis/Open-Source Liquid Handling Hardware.xlsx,"doi, url"
Commit: Digital pipette: open hardware for liquid transfer in self-driving laboratories,10.1039/d5dd00336a,https://pubs.rsc.org/en/content/articlelanding/2026/dd/d5dd00336a,2026,Liquid Handling,,Pipetting/dispensing,Commit: Digital Pipette | Commit: Digital Pipette (v2),Open-source pipette/dispenser (handheld or module),Digital Discovery,Included (open-source liquid handling hardware),RSC article landing + DOI,CC BY 3.0 (per RSC page),,Digital pipette v2: low-cost 3D-printed liquid transfer device designed for robotic arms with exchangeable tips.,Open hardware for accurate liquid transfer in self-driving labs; reports accuracy within ISO 8655-2 permissible error.,300 USD | ~300,yes,yes,yes,yes,1,"open-source hardware and design files available on GitHub, accessible fabrication (3D printed), compatible with standard robotic gripper, compatible with commerical pipette tips which allows for multi-liquid workflows, rapid assembly and modular components, reliable (ISO-compliant accuracy)","flexible, precise, low‑cost liquid handling that existing gantry‑based robots and human‑designed pipettes can’t provide. Open‑source, disposable‑tip‑compatible pipette that supports contamination‑free, multi‑liquid workflows in real experimental environments.",Requires a robot arm/gripper to operate -- not a standalone bench tool,Robot-mounted 3D-printed digital pipette for liquid transfer in self-driving labs,~10 min assembly (pipette unit itself),Low,3D printing; basic assembly; integration with robot gripper/arm,0.2% random error at 10 mL nominal volume (ISO 8655-6); meets ISO 8655-2 accuracy range,Single-channel; compatible with standard two-finger robot grippers; supports tip-exchange for multi-liquid workflows,Compatible with standard commercial pipette tips; contamination-free multi-liquid workflows,GitHub | Design files and documentation on GitHub,"Open-source, low-cost, ISO-compliant accuracy; integrates with robot arms (not just gantries); disposable-tip compatible",liquid_handling | old_table | summary,liquid_handling:2 | old_table:2 | summary:2,/Users/iyakavets/Library/CloudStorage/OneDrive-SharedLibraries-UniversityofToronto/Acceleration Consortium Research - AC Research Docs/SDL6 - HOM/Projects/biofacrication_perspective/deep search analysis/Open-Source Liquid Handling Hardware.xlsx | /Users/iyakavets/Library/CloudStorage/OneDrive-SharedLibraries-UniversityofToronto/Acceleration Consortium Research - AC Research Docs/SDL6 - HOM/Projects/biofacrication_perspective/deep search analysis/Old table.xlsx | /Users/iyakavets/Library/CloudStorage/OneDrive-SharedLibraries-UniversityofToronto/Acceleration Consortium Research - AC Research Docs/SDL6 - HOM/Projects/biofacrication_perspective/deep search analysis/Summary Table.xlsx,"doi, url, title"
"Design and implementation of a low cost bio-printer modification, allowing for switching between plastic and gel extrusion",10.1016/j.ohx.2021.e00186,https://doi.org/10.1016/j.ohx.2021.e00186,2021,bioprinting,,,,,,,,,,,,,,,,,,,,,,,,,,,,,,old_table | summary,old_table:12 | summary:14,/Users/iyakavets/Library/CloudStorage/OneDrive-SharedLibraries-UniversityofToronto/Acceleration Consortium Research - AC Research Docs/SDL6 - HOM/Projects/biofacrication_perspective/deep search analysis/Old table.xlsx | /Users/iyakavets/Library/CloudStorage/OneDrive-SharedLibraries-UniversityofToronto/Acceleration Consortium Research - AC Research Docs/SDL6 - HOM/Projects/biofacrication_perspective/deep search analysis/Summary Table.xlsx,url
Design and Implementation of an Accessible 3D Bioprinter: Benchmarking the Performance of a Home-Made Bioprinter against a Professional Bioprinter,10.3390/app131810213,https://www.mdpi.com/2076-3417/13/18/10213,2023,Bioprinting,,Extrusion,,Open-source bioprinter (full system),Applied Sciences (MDPI),Maybe (open-source but not bioprinting-specific),MDPI landing,,,Accessible/home-made bioprinter design + benchmarking (verify availability of source files).,"If files are shared, this is a solid ‘DIY vs commercial’ benchmarking reference.",,Yes,,Yes,Yes,1,,,,,,,,,,,,,bioprinting,bioprinting:13,/Users/iyakavets/Library/CloudStorage/OneDrive-SharedLibraries-UniversityofToronto/Acceleration Consortium Research - AC Research Docs/SDL6 - HOM/Projects/biofacrication_perspective/deep search analysis/Open-Source Bioprinting Tools.xlsx,url
Design and Validation of a Piston-Driven Syringe-Extrusion Bioprinter Using an FDM Frame,10.3390/biomimetics10120811,https://www.mdpi.com/2313-7673/10/12/811,2024,Bioprinting,,Extrusion,,Open-source bioprinter (full system),(MDPI journal; see landing),Maybe (open-source but not bioprinting-specific),MDPI landing,,,Piston-driven syringe extrusion bioprinter using an FDM frame (verify open CAD/files).,Another replicable syringe-extrusion build pattern; include if authors provide files.,,yes,,Yes,Yes,1,,,,,,,,,,,,,bioprinting,bioprinting:14,/Users/iyakavets/Library/CloudStorage/OneDrive-SharedLibraries-UniversityofToronto/Acceleration Consortium Research - AC Research Docs/SDL6 - HOM/Projects/biofacrication_perspective/deep search analysis/Open-Source Bioprinting Tools.xlsx,url
Design and Validation of an Open-Hardware Print-Head for Bioprinting Application,10.1016/j.proeng.2015.07.015,https://www.sciencedirect.com/science/article/pii/S1877705815012564,2015,Liquid Handling | Bioprinting,,Extrusion,,Open-source extruder/printhead,Procedia Engineering,Included (new open-source bioprinting tool),ScienceDirect landing + DOI,,,Open-hardware printhead design for bioprinting applications.,Dedicated open-hardware printhead paper; good historical anchor beyond syringe conversions.,,yes,,yes,yes,1,,,,,,,,,,,,,bioprinting | old_table | summary,bioprinting:19 | old_table:46 | summary:46,/Users/iyakavets/Library/CloudStorage/OneDrive-SharedLibraries-UniversityofToronto/Acceleration Consortium Research - AC Research Docs/SDL6 - HOM/Projects/biofacrication_perspective/deep search analysis/Open-Source Bioprinting Tools.xlsx | /Users/iyakavets/Library/CloudStorage/OneDrive-SharedLibraries-UniversityofToronto/Acceleration Consortium Research - AC Research Docs/SDL6 - HOM/Projects/biofacrication_perspective/deep search analysis/Old table.xlsx | /Users/iyakavets/Library/CloudStorage/OneDrive-SharedLibraries-UniversityofToronto/Acceleration Consortium Research - AC Research Docs/SDL6 - HOM/Projects/biofacrication_perspective/deep search analysis/Summary Table.xlsx,"doi, url, title"
"Design of an Open-Source, Low-Cost Bioink and Food Melt Extrusion 3D Printer",10.3791/59834,https://www.jove.com/t/59834/design-an-open-source-low-cost-bioink-food-melt-extrusion-3d,2020,Bioprinting,,Extrusion,,Open-source bioprinter (full system),JoVE,Maybe (open-source but not bioprinting-specific),JoVE landing + DOI,,,Open-source low-cost extrusion printer design (bioink + food melt extrusion) with build guidance.,Concrete reproducible build/protocol paper; directly aligned with ‘new open tools’ ask.,,yes,,yes,yes,1,,,,,,,,,,,,,bioprinting,bioprinting:20,/Users/iyakavets/Library/CloudStorage/OneDrive-SharedLibraries-UniversityofToronto/Acceleration Consortium Research - AC Research Docs/SDL6 - HOM/Projects/biofacrication_perspective/deep search analysis/Open-Source Bioprinting Tools.xlsx,"doi, url"
Designing cost-effective open-source multihead 3D bioprinters,10.1089/genbio.2022.0021,https://pmc.ncbi.nlm.nih.gov/articles/PMC9426752/,2022,bioprinting | Bioprinting,,Extrusion,,Open-source bioprinter (full system),(see PMC),Included (new open-source bioprinting tool),PMC full text,,,Conversion approach + multihead bioprinter build details (verify linked repos/files).,Practical open-source path to multi-material/multihead bioprinting; widely replicable.,,Yes,,Yes,Yes,1,,,,,,,,,,,,,bioprinting | old_table | summary,bioprinting:12 | old_table:11 | summary:13,/Users/iyakavets/Library/CloudStorage/OneDrive-SharedLibraries-UniversityofToronto/Acceleration Consortium Research - AC Research Docs/SDL6 - HOM/Projects/biofacrication_perspective/deep search analysis/Open-Source Bioprinting Tools.xlsx | /Users/iyakavets/Library/CloudStorage/OneDrive-SharedLibraries-UniversityofToronto/Acceleration Consortium Research - AC Research Docs/SDL6 - HOM/Projects/biofacrication_perspective/deep search analysis/Old table.xlsx | /Users/iyakavets/Library/CloudStorage/OneDrive-SharedLibraries-UniversityofToronto/Acceleration Consortium Research - AC Research Docs/SDL6 - HOM/Projects/biofacrication_perspective/deep search analysis/Summary Table.xlsx,"url, title"
Development and implementation of a significantly low-cost 3D bioprinter using recycled scrap material,10.3389/fbioe.2023.1108396,https://www.frontiersin.org/journals/bioengineering-and-biotechnology/articles/10.3389/fbioe.2023.1108396/full,2023,Bioprinting,,Extrusion,Microextrusion bioprinter | Microextrusion bioprinter (recycled scrap material),Open-source bioprinter (full system),Frontiers in Bioengineering and Biotechnology,Maybe (open-source but not bioprinting-specific),Frontiers methods article + DOI,,,Low-cost bioprinter build approach using recycled/scrap materials (verify design files).,Shows extreme cost-reduction approach; practical for access/democratization discussions.,260 USD | 260,yes,yes,maybe | yes,yes,1,"can be built from locally-sourced materials (scrap metal), no 3D printer required",increase accessibility to bioprinting and democratize teaching of basic techniques,Resolution/precision tradeoffs from using scrap/recycled components; build quality may vary with available scrap materials,Low-cost 3D bioprinter built from recycled scrap metal and off-the-shelf electronics; no 3D printer required to build it,Not reported,Moderate,Metalworking/scrap fabrication; basic electronics assembly; no 3D printer access required,Z-axis step resolution of 10 um; 40 mm/s max non-printing move speed; 2-10 mm/s typical print speed,Single-construct printer,"Demonstrated with alginate/gelatin bioink blends, incl. calcium chloride crosslinking","GitHub, CAD files, assembly schematics",Can be built from locally-sourced/scrap materials without needing a 3D printer; increases accessibility and is useful for teaching basic bioprinting techniques,bioprinting | old_table | summary,bioprinting:18 | old_table:9 | summary:9,/Users/iyakavets/Library/CloudStorage/OneDrive-SharedLibraries-UniversityofToronto/Acceleration Consortium Research - AC Research Docs/SDL6 - HOM/Projects/biofacrication_perspective/deep search analysis/Open-Source Bioprinting Tools.xlsx | /Users/iyakavets/Library/CloudStorage/OneDrive-SharedLibraries-UniversityofToronto/Acceleration Consortium Research - AC Research Docs/SDL6 - HOM/Projects/biofacrication_perspective/deep search analysis/Old table.xlsx | /Users/iyakavets/Library/CloudStorage/OneDrive-SharedLibraries-UniversityofToronto/Acceleration Consortium Research - AC Research Docs/SDL6 - HOM/Projects/biofacrication_perspective/deep search analysis/Summary Table.xlsx,"doi, url, title"
Development of a high-performance open-source 3D bioprinter,10.1038/s41598-022-26809-4,https://pmc.ncbi.nlm.nih.gov/articles/PMC9805454/,2022,Bioprinting,,Extrusion,,Open-source bioprinter (full system),Scientific Reports,Included (new open-source bioprinting tool),PMC full text + DOI,,,Hardware design + build details for a bioprinter platform (verify repo in paper).,Canonical ‘Feinberg lab’ open-source bioprinter paper; directly in-scope for new open tools.,,Yes,,Yes,Yes,1,,,"no cell viability or functional validation, how reproducible is the building (e.g. build time, failure rate, user variability)",,,,,,,,,,bioprinting | old_table | summary,bioprinting:2 | old_table:13 | summary:15,/Users/iyakavets/Library/CloudStorage/OneDrive-SharedLibraries-UniversityofToronto/Acceleration Consortium Research - AC Research Docs/SDL6 - HOM/Projects/biofacrication_perspective/deep search analysis/Open-Source Bioprinting Tools.xlsx | /Users/iyakavets/Library/CloudStorage/OneDrive-SharedLibraries-UniversityofToronto/Acceleration Consortium Research - AC Research Docs/SDL6 - HOM/Projects/biofacrication_perspective/deep search analysis/Old table.xlsx | /Users/iyakavets/Library/CloudStorage/OneDrive-SharedLibraries-UniversityofToronto/Acceleration Consortium Research - AC Research Docs/SDL6 - HOM/Projects/biofacrication_perspective/deep search analysis/Summary Table.xlsx,"doi, url, title"
Development of a microfluidic-assisted open-source 3D bioprinting system (MOS3S) for the engineering of hierarchical tissues,10.1016/j.ohx.2024.e00527,https://doi.org/10.1016/j.ohx.2024.e00527,2024,bioprinting,,,,,,,,,,,,,,,,,,,,,,,,,,,,,,old_table | summary,old_table:10 | summary:12,/Users/iyakavets/Library/CloudStorage/OneDrive-SharedLibraries-UniversityofToronto/Acceleration Consortium Research - AC Research Docs/SDL6 - HOM/Projects/biofacrication_perspective/deep search analysis/Old table.xlsx | /Users/iyakavets/Library/CloudStorage/OneDrive-SharedLibraries-UniversityofToronto/Acceleration Consortium Research - AC Research Docs/SDL6 - HOM/Projects/biofacrication_perspective/deep search analysis/Summary Table.xlsx,url
Extrusion-Based Bioprinting in a Cost-Effective Bioprinter,10.3390/machines12080518,https://www.mdpi.com/2075-1702/12/8/518,2024,Bioprinting,,Extrusion,,Open-source bioprinter (full system),Machines (MDPI),Maybe (open-source but not bioprinting-specific),MDPI landing,,,Cost-effective bioprinter design (verify open-source release of files).,Potential additional low-cost design reference; needs verification for open files.,,Yes,,No,Partially (approach is open-source but no Github repository or design files),0,,,,,,,,,,,,,bioprinting,bioprinting:31,/Users/iyakavets/Library/CloudStorage/OneDrive-SharedLibraries-UniversityofToronto/Acceleration Consortium Research - AC Research Docs/SDL6 - HOM/Projects/biofacrication_perspective/deep search analysis/Open-Source Bioprinting Tools.xlsx,url
Fabrication and validation of an affordable DIY coaxial 3D extrusion bioprinter,10.1038/s41598-025-06478-9,https://www.nature.com/articles/s41598-025-06478-9,2025,Liquid Handling | Bioprinting,,Extrusion,,Open-source bioprinter (full system),Scientific Reports,Maybe (open-source but not bioprinting-specific),Nature landing,,,DIY coaxial extrusion bioprinter design (verify repository links in paper).,"Coaxial extrusion expands tool capability (e.g., core–shell) with DIY accessibility.",,Yes,,Yes,Yes,1,,,,,,,,,,,,,bioprinting | old_table | summary,bioprinting:11 | old_table:44 | summary:44,/Users/iyakavets/Library/CloudStorage/OneDrive-SharedLibraries-UniversityofToronto/Acceleration Consortium Research - AC Research Docs/SDL6 - HOM/Projects/biofacrication_perspective/deep search analysis/Open-Source Bioprinting Tools.xlsx | /Users/iyakavets/Library/CloudStorage/OneDrive-SharedLibraries-UniversityofToronto/Acceleration Consortium Research - AC Research Docs/SDL6 - HOM/Projects/biofacrication_perspective/deep search analysis/Old table.xlsx | /Users/iyakavets/Library/CloudStorage/OneDrive-SharedLibraries-UniversityofToronto/Acceleration Consortium Research - AC Research Docs/SDL6 - HOM/Projects/biofacrication_perspective/deep search analysis/Summary Table.xlsx,"doi, url, title"
FINDUS: An Open-Source 3D Printable Liquid-Handling Workstation for Laboratory Automation in Life Sciences,10.1177/2472630319877374,https://colab.ws/articles/10.1177/2472630319877374,2020,Liquid Handling,,"Automation, Liquid dispensing",,Open-source liquid handler (full robot),SLAS Technology,Included (open-source liquid handling hardware),CoLab/SAGE entry + DOI; FINDUS GitHub,,https://github.com/FBarthels/FINDUS,3D printable liquid-handling workstation (FINDUS) including hardware design files (GitHub).,Strong open-source workstation reference with reported pipetting error metrics; useful comparator to OTTO/digital pipette.,,yes,yes,maybe,yes,0,,,,,,,,,,,,,liquid_handling | old_table | summary,liquid_handling:20 | old_table:29 | summary:31,/Users/iyakavets/Library/CloudStorage/OneDrive-SharedLibraries-UniversityofToronto/Acceleration Consortium Research - AC Research Docs/SDL6 - HOM/Projects/biofacrication_perspective/deep search analysis/Open-Source Liquid Handling Hardware.xlsx | /Users/iyakavets/Library/CloudStorage/OneDrive-SharedLibraries-UniversityofToronto/Acceleration Consortium Research - AC Research Docs/SDL6 - HOM/Projects/biofacrication_perspective/deep search analysis/Old table.xlsx | /Users/iyakavets/Library/CloudStorage/OneDrive-SharedLibraries-UniversityofToronto/Acceleration Consortium Research - AC Research Docs/SDL6 - HOM/Projects/biofacrication_perspective/deep search analysis/Summary Table.xlsx,"doi, url, title"
"Homebrew photolithography for the rapid and low-cost,“Do It Yourself” prototyping of microfluidic devices",10.1021/acsomega.3c05544,https://pubs.acs.org/doi/10.1021/acsomega.3c05544,2023,Microfabrication,,,,,,,,,,,,,,,,,,,,,,,,,,,,,,old_table | summary,old_table:21 | summary:23,/Users/iyakavets/Library/CloudStorage/OneDrive-SharedLibraries-UniversityofToronto/Acceleration Consortium Research - AC Research Docs/SDL6 - HOM/Projects/biofacrication_perspective/deep search analysis/Old table.xlsx | /Users/iyakavets/Library/CloudStorage/OneDrive-SharedLibraries-UniversityofToronto/Acceleration Consortium Research - AC Research Docs/SDL6 - HOM/Projects/biofacrication_perspective/deep search analysis/Summary Table.xlsx,"doi, url"
Leveraging flexible pipette-based tool changes to transform liquid handling systems into dual-function sample preparation and imaging platforms,10.1016/j.ohx.2025.e00653,https://pmc.ncbi.nlm.nih.gov/articles/PMC12181777/,2025,Liquid Handling,,"Automated pipetting, Imaging integration, Tool changing",,Protocol/paper,HardwareX,Maybe (needs verification),PMC full text + DOI,,,(Verify) hardware/workflow enabling pipette tool changes; may include open design files.,Recent (2025) HardwareX paper; highly relevant to modular tool concepts like the digital pipette.,,no,maybe,no,yes,0,,,,,,,,,,,,,liquid_handling | old_table | summary,liquid_handling:18 | old_table:32 | summary:34,/Users/iyakavets/Library/CloudStorage/OneDrive-SharedLibraries-UniversityofToronto/Acceleration Consortium Research - AC Research Docs/SDL6 - HOM/Projects/biofacrication_perspective/deep search analysis/Open-Source Liquid Handling Hardware.xlsx | /Users/iyakavets/Library/CloudStorage/OneDrive-SharedLibraries-UniversityofToronto/Acceleration Consortium Research - AC Research Docs/SDL6 - HOM/Projects/biofacrication_perspective/deep search analysis/Old table.xlsx | /Users/iyakavets/Library/CloudStorage/OneDrive-SharedLibraries-UniversityofToronto/Acceleration Consortium Research - AC Research Docs/SDL6 - HOM/Projects/biofacrication_perspective/deep search analysis/Summary Table.xlsx,"doi, url, title"
"Low-cost, versatile, and highly reproducible microfabrication pipeline to generate 3D-printed customised cell culture devices with complex designs",10.1371/journal.pbio.3002503,https://doi.org/10.1371/journal.pbio.3002503,2024,Microfabrication,,,,,,,,,,,,,,,,,,,,,,,,,,,,,,old_table | summary,old_table:18 | summary:20,/Users/iyakavets/Library/CloudStorage/OneDrive-SharedLibraries-UniversityofToronto/Acceleration Consortium Research - AC Research Docs/SDL6 - HOM/Projects/biofacrication_perspective/deep search analysis/Old table.xlsx | /Users/iyakavets/Library/CloudStorage/OneDrive-SharedLibraries-UniversityofToronto/Acceleration Consortium Research - AC Research Docs/SDL6 - HOM/Projects/biofacrication_perspective/deep search analysis/Summary Table.xlsx,url
Mask-free laser lithography for rapid and low-cost microfluidic device fabrication,10.1021/acs.analchem.8b03169,https://pubs.acs.org/doi/10.1021/acs.analchem.8b03169,2018,Microfluidics,,,,,,,,,,,,,,,,,,,,,,,,,,,,,,old_table | summary,old_table:19 | summary:21,/Users/iyakavets/Library/CloudStorage/OneDrive-SharedLibraries-UniversityofToronto/Acceleration Consortium Research - AC Research Docs/SDL6 - HOM/Projects/biofacrication_perspective/deep search analysis/Old table.xlsx | /Users/iyakavets/Library/CloudStorage/OneDrive-SharedLibraries-UniversityofToronto/Acceleration Consortium Research - AC Research Docs/SDL6 - HOM/Projects/biofacrication_perspective/deep search analysis/Summary Table.xlsx,"doi, url"
Nydus One Syringe Extruder (NOSE): A Prusa i3 3D printer conversion for bioprinting applications,10.1016/j.ohx.2019.e00069,https://www.hardware-x.com/article/S2468-0672(18)30087-7/fulltext,2019,Liquid Handling | Bioprinting,,Extrusion,,Open-source extruder/printhead,HardwareX,Maybe (open-source but not bioprinting-specific),HardwareX landing,,,Syringe-extrusion modification for Prusa i3 enabling syringe-based extrusion for lab use.,Often referenced for syringe-based extrusion designs; adjacent to extrusion bioprinting toolchains.,,Yes,,Yes,Yes,1,,,,,,,,,,,,,bioprinting | old_table | summary,bioprinting:6 | old_table:43 | summary:43,/Users/iyakavets/Library/CloudStorage/OneDrive-SharedLibraries-UniversityofToronto/Acceleration Consortium Research - AC Research Docs/SDL6 - HOM/Projects/biofacrication_perspective/deep search analysis/Open-Source Bioprinting Tools.xlsx | /Users/iyakavets/Library/CloudStorage/OneDrive-SharedLibraries-UniversityofToronto/Acceleration Consortium Research - AC Research Docs/SDL6 - HOM/Projects/biofacrication_perspective/deep search analysis/Old table.xlsx | /Users/iyakavets/Library/CloudStorage/OneDrive-SharedLibraries-UniversityofToronto/Acceleration Consortium Research - AC Research Docs/SDL6 - HOM/Projects/biofacrication_perspective/deep search analysis/Summary Table.xlsx,"doi, url, title"
Open-source cell culture automation system with integrated cell counting for passaging microplate cultures,10.1093/pnasnexus/pgaf385,https://doi.org/10.1101/2024.12.27.629034,2025,Liquid Handling,,"Automated pipetting, Imaging integration, Microscopy integration, Workflow automation",,Preprint,bioRxiv,Included (open-source liquid handling hardware),,,,,,,no (requires Opentrons OP-2 robot),no,yes,yes,0,,,,,,,,,,,,,liquid_handling | old_table | summary,liquid_handling:24 | old_table:31 | summary:33,/Users/iyakavets/Library/CloudStorage/OneDrive-SharedLibraries-UniversityofToronto/Acceleration Consortium Research - AC Research Docs/SDL6 - HOM/Projects/biofacrication_perspective/deep search analysis/Open-Source Liquid Handling Hardware.xlsx | /Users/iyakavets/Library/CloudStorage/OneDrive-SharedLibraries-UniversityofToronto/Acceleration Consortium Research - AC Research Docs/SDL6 - HOM/Projects/biofacrication_perspective/deep search analysis/Old table.xlsx | /Users/iyakavets/Library/CloudStorage/OneDrive-SharedLibraries-UniversityofToronto/Acceleration Consortium Research - AC Research Docs/SDL6 - HOM/Projects/biofacrication_perspective/deep search analysis/Summary Table.xlsx,"doi, url, title"
Open-source hybrid 3D-bioprinter for simultaneous printing of thermoplastics and hydrogels,10.1016/j.ohx.2021.e00230,https://www.sciencedirect.com/science/article/pii/S2468067221000596,2021,Bioprinting,,Extrusion,,Open-source bioprinter (full system),HardwareX,Included (new open-source bioprinting tool),ScienceDirect landing; Mendeley Data repository,,https://doi.org/10.17632/ywb5zdjk5x.1,Hybrid printer upgrade enabling simultaneous thermoplastic + hydrogel (bioprinting) printing.,Open-hardware path to hybrid scaffolds (structural polymer + hydrogel/cell-laden inks).,,Yes,,Yes,Yes,0,,,,,,,,,,,,,bioprinting,bioprinting:29,/Users/iyakavets/Library/CloudStorage/OneDrive-SharedLibraries-UniversityofToronto/Acceleration Consortium Research - AC Research Docs/SDL6 - HOM/Projects/biofacrication_perspective/deep search analysis/Open-Source Bioprinting Tools.xlsx,"doi, url"
Open-source personal pipetting robots with live-cell incubation and microscopy compatibility,10.1038/s41467-022-30643-7,https://www.nature.com/articles/s41467-022-30643-7,2022,Liquid Handling,,"Automated pipetting, Incubation, Microscopy integration",Personal Pipetting Robot | Personal Pipetting Robot (PHIL),Open-source liquid handler (full robot),Nature Communications,Included (open-source liquid handling hardware),Nature Comms landing; PHIL GitHub,,https://github.com/CSDGroup/PHIL,Open-source personal pipetting robot platform (PHIL) designed for live-cell workflows.,"Shows open hardware that integrates pipetting + incubation + imaging, closer to ‘robot-compatible’ liquid handling.",600-800 USD | 600-800,yes,yes,yes,yes,1,"open-source hardwarea and software, 3D printable and assembled with off-the-shelf components, compact and modular design meant for sitting directly on microscope stages thus enabling automated interventions during live-cell imaging, designed for standard two-finger robot grippers and common robotic arms, supports multi-pipetting,","claims that no robot can operate on microscope stages. to replace manual pipetting during live-cell microscopy (labor-intensive especially for long time-lapse experiments, disruptive to culture conditions)",Designed for small-volume/well-plate work -- not built for large-batch or high-volume liquid handling,Compact liquid handling robot for automated pipetting/aspiration during live-cell incubation and microscopy,Not reported (3D-printed + off-the-shelf assembly),Moderate,3D printing; electronics assembly; basic scripting (no programming experience required for operation),"~0.1 mm pipette positioning accuracy above well bottom (96-well plate, validated via fluorescence imaging)",Single to multi-pipet (modular; multiple units can be chained together); operates within standard 96-well plates,Compatible with live cells/media; supports immunostaining and stimulation reagents during time-lapse imaging,"GitHub and authors' website, instructions in paper | GitHub and authors' website; instructions in paper",Small enough to sit on microscope stages; enables automation during live-cell imaging without disrupting culture conditions; no programming skills required,liquid_handling | old_table | summary,liquid_handling:4 | old_table:3 | summary:3,/Users/iyakavets/Library/CloudStorage/OneDrive-SharedLibraries-UniversityofToronto/Acceleration Consortium Research - AC Research Docs/SDL6 - HOM/Projects/biofacrication_perspective/deep search analysis/Open-Source Liquid Handling Hardware.xlsx | /Users/iyakavets/Library/CloudStorage/OneDrive-SharedLibraries-UniversityofToronto/Acceleration Consortium Research - AC Research Docs/SDL6 - HOM/Projects/biofacrication_perspective/deep search analysis/Old table.xlsx | /Users/iyakavets/Library/CloudStorage/OneDrive-SharedLibraries-UniversityofToronto/Acceleration Consortium Research - AC Research Docs/SDL6 - HOM/Projects/biofacrication_perspective/deep search analysis/Summary Table.xlsx,"doi, url, title"
"Open-source, community-driven microfluidics with Metafluidics",10.1038/nbt.3873,https://doi.org/10.1038/nbt.3873,2017,Microfluidics,,,,,,,,,,,,,,,,,,,,,,,,,,,,,,old_table | summary,old_table:17 | summary:19,/Users/iyakavets/Library/CloudStorage/OneDrive-SharedLibraries-UniversityofToronto/Acceleration Consortium Research - AC Research Docs/SDL6 - HOM/Projects/biofacrication_perspective/deep search analysis/Old table.xlsx | /Users/iyakavets/Library/CloudStorage/OneDrive-SharedLibraries-UniversityofToronto/Acceleration Consortium Research - AC Research Docs/SDL6 - HOM/Projects/biofacrication_perspective/deep search analysis/Summary Table.xlsx,url
OpenLH: Open Liquid-Handling System for Creative Experimentation with Biology,10.1145/3294109.3295619,https://www.runi.ac.il/media/pp5bftyk/openlh.pdf,2019,Liquid Handling,,"Automation, Control software, Pipetting/dispensing | Liquid handling",OpenLH,Open-source liquid handler (full robot),CHI EA (ACM) | (PDF / conference-style),Maybe (needs verification),OpenLH PDF,,,Open liquid-handling system for experimentation (verify what design assets are available).,Uses a commercial robotic arm + modified pipette + block-based programming; relevant example of robot-arm liquid handling. | Early ‘open liquid handling’ system description; may provide useful design patterns + references.,,yes,yes | maybe,yes,yes,1 | 0,,,,,,,,,,,,,liquid_handling | old_table | summary,liquid_handling:12 | liquid_handling:15 | old_table:40 | summary:40,/Users/iyakavets/Library/CloudStorage/OneDrive-SharedLibraries-UniversityofToronto/Acceleration Consortium Research - AC Research Docs/SDL6 - HOM/Projects/biofacrication_perspective/deep search analysis/Open-Source Liquid Handling Hardware.xlsx | /Users/iyakavets/Library/CloudStorage/OneDrive-SharedLibraries-UniversityofToronto/Acceleration Consortium Research - AC Research Docs/SDL6 - HOM/Projects/biofacrication_perspective/deep search analysis/Old table.xlsx | /Users/iyakavets/Library/CloudStorage/OneDrive-SharedLibraries-UniversityofToronto/Acceleration Consortium Research - AC Research Docs/SDL6 - HOM/Projects/biofacrication_perspective/deep search analysis/Summary Table.xlsx,"doi, url, title"
OpenWorkstation: A modular open-source technology for automated in vitro workflows,10.1016/j.ohx.2020.e00152,https://eprints.qut.edu.au/206083/,2020,Liquid Handling,,"Liquid handling (module-based), Workflow automation",,Open-source liquid handler (full robot),HardwareX,Maybe (needs verification),QUT ePrints record; GitHub,,https://github.com/SebastianEggert/OpenWorkstation,Modular open-source workstation concept for life science automation (verify modules include liquid handling).,Useful ‘platform’ paper for building modular open lab automation setups beyond a single device.,,maybe (less than commercial but not budget-friendly),no,no,yes,0,,,,,,,,,,,,,liquid_handling | old_table | summary,liquid_handling:21 | old_table:30 | summary:32,/Users/iyakavets/Library/CloudStorage/OneDrive-SharedLibraries-UniversityofToronto/Acceleration Consortium Research - AC Research Docs/SDL6 - HOM/Projects/biofacrication_perspective/deep search analysis/Open-Source Liquid Handling Hardware.xlsx | /Users/iyakavets/Library/CloudStorage/OneDrive-SharedLibraries-UniversityofToronto/Acceleration Consortium Research - AC Research Docs/SDL6 - HOM/Projects/biofacrication_perspective/deep search analysis/Old table.xlsx | /Users/iyakavets/Library/CloudStorage/OneDrive-SharedLibraries-UniversityofToronto/Acceleration Consortium Research - AC Research Docs/SDL6 - HOM/Projects/biofacrication_perspective/deep search analysis/Summary Table.xlsx,"doi, url, title"
Principles of computer-controlled linear motion applied to an open-source affordable liquid handler for automated micropipetting,10.1038/s41598-020-70465-5,https://www.nature.com/articles/s41598-020-70465-5,2020,liquid handling | Bioprinting | Liquid Handling,automated pipetting,Automated pipetting,OTTO,Open-source workflow/analysis | Open-source liquid handler (full robot),Scientific Reports,Maybe (open-source but not bioprinting-specific) | Included (open-source liquid handling hardware),Sci Rep PDF/landing + DOI | Sci Rep landing + OTTO site,,https://openliquidhandler.com/,Open-source affordable liquid handler (OTTO) for automated pipetting. | OTTO open-source liquid handler (mechanical/electrical/software) for automated micropipetting.,"Not a bioprinter, but relevant open automation tool for biofabrication/bioprinting workflows. | Canonical open-source liquid handling robot paper; good baseline against newer modular tools like digital pipette.",1500 USD? | 1500,yes,yes,yes,yes,1,modular design,Low‑cost automated pipetting for qPCR and general liquid handling using standard micropipettes and labware.,lower throughput due to slow error-checking system | Lower throughput due to a slower built-in error-checking system,"Open-source automated liquid handler (gantry-style) for micropipetting, e.g., qPCR sample prep",Not reported,Moderate-High,3D printing; electronics/Arduino; G-code/firmware setup; calibration,Accuracy and sample-prep time comparable to manual qPCR; fills a 96-well plate with standards/samples in 30-45 min,Multi-well (96-well plate scale),Standard micropipette tips and labware,"Fully open‑source — CAD files, part lists, firmware, and GUI available online at website | Fully open-source -- CAD files, part lists, firmware, and GUI on project website",Low-cost automated pipetting comparable to manual qPCR workflow; modular design,bioprinting | liquid_handling | old_table | summary,bioprinting:23 | liquid_handling:3 | old_table:37 | summary:10,/Users/iyakavets/Library/CloudStorage/OneDrive-SharedLibraries-UniversityofToronto/Acceleration Consortium Research - AC Research Docs/SDL6 - HOM/Projects/biofacrication_perspective/deep search analysis/Open-Source Bioprinting Tools.xlsx | /Users/iyakavets/Library/CloudStorage/OneDrive-SharedLibraries-UniversityofToronto/Acceleration Consortium Research - AC Research Docs/SDL6 - HOM/Projects/biofacrication_perspective/deep search analysis/Open-Source Liquid Handling Hardware.xlsx | /Users/iyakavets/Library/CloudStorage/OneDrive-SharedLibraries-UniversityofToronto/Acceleration Consortium Research - AC Research Docs/SDL6 - HOM/Projects/biofacrication_perspective/deep search analysis/Old table.xlsx | /Users/iyakavets/Library/CloudStorage/OneDrive-SharedLibraries-UniversityofToronto/Acceleration Consortium Research - AC Research Docs/SDL6 - HOM/Projects/biofacrication_perspective/deep search analysis/Summary Table.xlsx,"doi, url, title"
"PyLabRobot: An open-source, hardware-agnostic interface for liquid-handling robots and accessories",10.1101/2023.07.10.547733 | 10.1016/j.device.2023.100111,https://www.biorxiv.org/content/10.1101/2023.07.10.547733v1.full,2023,Liquid Handling,,"Control software | Automation, Control software",,Open-source software/control,bioRxiv | Device,Maybe (needs verification) | Included (open-source liquid handling hardware),bioRxiv full text,,,Open-source interface software for liquid-handling robots and accessories.,"Not hardware itself, but critical open control layer for heterogeneous open liquid-handling setups.",,yes,"n/a (software, not hardware)",yes,yes,0,,,,,,,,,,,,,liquid_handling | old_table | summary,liquid_handling:17 | liquid_handling:28 | old_table:35 | summary:37,/Users/iyakavets/Library/CloudStorage/OneDrive-SharedLibraries-UniversityofToronto/Acceleration Consortium Research - AC Research Docs/SDL6 - HOM/Projects/biofacrication_perspective/deep search analysis/Open-Source Liquid Handling Hardware.xlsx | /Users/iyakavets/Library/CloudStorage/OneDrive-SharedLibraries-UniversityofToronto/Acceleration Consortium Research - AC Research Docs/SDL6 - HOM/Projects/biofacrication_perspective/deep search analysis/Old table.xlsx | /Users/iyakavets/Library/CloudStorage/OneDrive-SharedLibraries-UniversityofToronto/Acceleration Consortium Research - AC Research Docs/SDL6 - HOM/Projects/biofacrication_perspective/deep search analysis/Summary Table.xlsx,"doi, url, title"
Real-time AI-driven quality control for laboratory automation: a novel computer vision solution for the opentrons OT-2 liquid handling robot,10.1007/s10489-025-06334-3,https://doi.org/10.1007/s10489-025-06334-3,2025,Liquid Handling,,"Automated pipetting, Automation, Imaging integration",,Protocol/paper,Applied Intelligence,Included (open-source liquid handling hardware),,,,,,,no (requires Opentrons OT-2),yes,yes,yes,0,,,,,,,,,,,,,liquid_handling | old_table | summary,liquid_handling:25 | old_table:33 | summary:35,/Users/iyakavets/Library/CloudStorage/OneDrive-SharedLibraries-UniversityofToronto/Acceleration Consortium Research - AC Research Docs/SDL6 - HOM/Projects/biofacrication_perspective/deep search analysis/Open-Source Liquid Handling Hardware.xlsx | /Users/iyakavets/Library/CloudStorage/OneDrive-SharedLibraries-UniversityofToronto/Acceleration Consortium Research - AC Research Docs/SDL6 - HOM/Projects/biofacrication_perspective/deep search analysis/Old table.xlsx | /Users/iyakavets/Library/CloudStorage/OneDrive-SharedLibraries-UniversityofToronto/Acceleration Consortium Research - AC Research Docs/SDL6 - HOM/Projects/biofacrication_perspective/deep search analysis/Summary Table.xlsx,"doi, url, title"
Sidekick: A Low-Cost Open-Source 3D-printed liquid dispensing robot,10.1016/j.ohx.2022.e00319,https://www.sciencedirect.com/science/article/pii/S2468067222000645,2022,Liquid Handling,pipetting/dispensing,"Dispensing, Liquid handling",Sidekick,Open-source liquid handler (full robot),HardwareX,Maybe (needs verification),ScienceDirect HardwareX landing,,,Low-cost open-source 3D-printed liquid dispensing robot (design files in paper/supplement; verify).,HardwareX often includes complete design files + BOM; strong ‘open hardware’ fit.,710 USD | 710 (motion system alone: 152),yes,yes,yes,yes,1,accessible hardware,accessible liquid-dispensing robot for research and education,"can't aspirate, only dispense (not fully functional like a manual pipette) | Dispense-only -- cannot aspirate, so it is not a full substitute for a manual pipette",Low-cost open-source 3D-printed armature-based liquid dispensing robot,Under 4 hours (excluding 3D-print time),Low,3D printing; basic electronics; MicroPython/G-code-subset command use,Dispenses liquid in 10 uL increments; positional accuracy via homing system + high-resolution stepper motors,Single 96-well SBS-format plate (4 dispense nozzles: P1-P4),Liquids compatible with solenoid-driven positive-displacement pumps,"all CAD, PCB, firmware, and documentation available on GitHub under an open license | All CAD, PCB, firmware, and documentation on GitHub (open license)","Accessible, easy-to-build and maintain; armature design reduces part count/build time/footprint vs. Cartesian systems; much cheaper than commercial liquid handlers (e.g., OT-2 at $5,000+)",liquid_handling | old_table | summary,liquid_handling:5 | old_table:38 | summary:11,/Users/iyakavets/Library/CloudStorage/OneDrive-SharedLibraries-UniversityofToronto/Acceleration Consortium Research - AC Research Docs/SDL6 - HOM/Projects/biofacrication_perspective/deep search analysis/Open-Source Liquid Handling Hardware.xlsx | /Users/iyakavets/Library/CloudStorage/OneDrive-SharedLibraries-UniversityofToronto/Acceleration Consortium Research - AC Research Docs/SDL6 - HOM/Projects/biofacrication_perspective/deep search analysis/Old table.xlsx | /Users/iyakavets/Library/CloudStorage/OneDrive-SharedLibraries-UniversityofToronto/Acceleration Consortium Research - AC Research Docs/SDL6 - HOM/Projects/biofacrication_perspective/deep search analysis/Summary Table.xlsx,"url, title"
Srishti: a custom-built laser-assisted 3D bioprinter for fabricating high-resolution biological constructs,10.1186/s44330-025-00051-6,https://link.springer.com/article/10.1186/s44330-025-00051-6,2026,Bioprinting,,Laser-assisted,,Open-source bioprinter (full system),BMC Methods,Maybe (open-source but not bioprinting-specific),Springer/BMC landing + DOI,,,Custom-built laser-assisted 3D bioprinter methodology (verify if designs/software are openly released).,2026 methods paper; brings recency and a non-extrusion modality.,,unknown,,no,no,0,,,,,,,,,,,,,bioprinting,bioprinting:34,/Users/iyakavets/Library/CloudStorage/OneDrive-SharedLibraries-UniversityofToronto/Acceleration Consortium Research - AC Research Docs/SDL6 - HOM/Projects/biofacrication_perspective/deep search analysis/Open-Source Bioprinting Tools.xlsx,"doi, url"
STARTER: a stand-alone reconfigurable and translational organ-on-chip platform based on modularity and open design principles,10.1039/d5lc00756a,https://pmc.ncbi.nlm.nih.gov/articles/PMC12834090/#sec2,2026,Organ-on-chip | Microfabrication/Organ-on-Chip,,,STARTER,,,,,,,,,??? (probably expensive due to custom parts) | Not reported (likely high due to custom parts),,No,No?,,,Built on ISO standards. Swapable modules to adpat to different experiments. Reconfigurable fludic circuits. Standalone system. Open-source. Integrated sensing and automation.,Standardization and flexitbility. No external periphals needed.,"High custom-fabrication burden; no reported cost or build-time data, suggesting limited accessibility for non-specialist builders","Modular, reconfigurable organ-on-chip platform with swappable pumping/sensing/OoC modules",Not reported,High,Microfabrication; fluidics design; electronics/sensor integration; ISO-standard compliance knowledge,Not reported (qualitative validation via multi-day in vitro and ex vivo OoC runs),Multi-organ capable; modular/swappable components within ANSI/SLAS microplate footprint,ISO 22916-compliant fluidic circuits; supports multiple OoC chip types/materials,Not reported,"Standardized, swappable modules allow reconfiguration across experiments without external peripherals; tube-less inter-module fluidic connections",old_table | summary,old_table:6 | summary:6,/Users/iyakavets/Library/CloudStorage/OneDrive-SharedLibraries-UniversityofToronto/Acceleration Consortium Research - AC Research Docs/SDL6 - HOM/Projects/biofacrication_perspective/deep search analysis/Old table.xlsx | /Users/iyakavets/Library/CloudStorage/OneDrive-SharedLibraries-UniversityofToronto/Acceleration Consortium Research - AC Research Docs/SDL6 - HOM/Projects/biofacrication_perspective/deep search analysis/Summary Table.xlsx,url
The Enderstruder: An accessible open-source syringe extruder compatible with Ender series 3D printers,10.1016/j.ohx.2024.e00510,https://pmc.ncbi.nlm.nih.gov/articles/PMC10847170/,2024,Liquid Handling | Bioprinting,,Extrusion,,Open-source extruder/printhead,HardwareX,Included (new open-source bioprinting tool),PMC full text; OSF repository DOI,CC-BY-SA 4.0 (per paper specs table),https://doi.org/10.17605/OSF.IO/9ARYM,Open-source syringe extruder attachment + editable Cura profiles for biomaterial inks.,Direct Replistruder-like tool: low-cost syringe extruder with shared profiles and OSHW metadata.,,Yes,,Yes,Yes,1,,,,,,,,,,,,,bioprinting | old_table | summary,bioprinting:5 | old_table:42 | summary:42,/Users/iyakavets/Library/CloudStorage/OneDrive-SharedLibraries-UniversityofToronto/Acceleration Consortium Research - AC Research Docs/SDL6 - HOM/Projects/biofacrication_perspective/deep search analysis/Open-Source Bioprinting Tools.xlsx | /Users/iyakavets/Library/CloudStorage/OneDrive-SharedLibraries-UniversityofToronto/Acceleration Consortium Research - AC Research Docs/SDL6 - HOM/Projects/biofacrication_perspective/deep search analysis/Old table.xlsx | /Users/iyakavets/Library/CloudStorage/OneDrive-SharedLibraries-UniversityofToronto/Acceleration Consortium Research - AC Research Docs/SDL6 - HOM/Projects/biofacrication_perspective/deep search analysis/Summary Table.xlsx,"doi, url, title"
The ‘bIUreactor’: an open-source 3D tissue research platform,10.1007/s10439-024-03481-5,https://link.springer.com/article/10.1007/s10439-024-03481-5,2024,Bioreactors | Bioprinting,,,,Open-source workflow/analysis,Annals of Biomedical Engineering,Maybe (open-source but not bioprinting-specific),Springer landing,,,Open-source tissue research platform (not strictly a bioprinter).,May be useful adjacent open tooling for 3D tissue workflows; include or exclude based on strictness.,,yes,,yes,yes,1,,,,,,,,,,,,,bioprinting | old_table | summary,bioprinting:16 | old_table:22 | summary:24,/Users/iyakavets/Library/CloudStorage/OneDrive-SharedLibraries-UniversityofToronto/Acceleration Consortium Research - AC Research Docs/SDL6 - HOM/Projects/biofacrication_perspective/deep search analysis/Open-Source Bioprinting Tools.xlsx | /Users/iyakavets/Library/CloudStorage/OneDrive-SharedLibraries-UniversityofToronto/Acceleration Consortium Research - AC Research Docs/SDL6 - HOM/Projects/biofacrication_perspective/deep search analysis/Old table.xlsx | /Users/iyakavets/Library/CloudStorage/OneDrive-SharedLibraries-UniversityofToronto/Acceleration Consortium Research - AC Research Docs/SDL6 - HOM/Projects/biofacrication_perspective/deep search analysis/Summary Table.xlsx,"doi, url, title"
Hydrogel Patterns in Microfluidic Devices by Do-It-Yourself UV-Photolithography Suitable for Very Large-Scale Integration,10.3390/mi11050479,https://doi.org/10.3390/mi11050479,2020,Microfabrication,,,,,Micromachines,,MDPI,CC BY 4.0,,,"DIY UV-photolithography setup for patterning stimuli-responsive hydrogels at very-large-scale integration density (20,000 patterns/cm2, 20 um features) without cleanroom equipment.",,,,,,,,,Requires specialized/custom-built photolithography components and multiple advanced technical skills; no code/hardware repository provided.,,,,,,,,,,manual_add,,user-provided PDF (micromachines-11-00479-v2.pdf); lists/derived/biofabrication_pdf_criteria_assessment.csv (index 122),doi
Adapting a Low-Cost and Open-Source Commercial Pipetting Robot for Nanoliter Liquid Handling,10.1177/2472630320973591,https://doi.org/10.1177/2472630320973591,2021,Liquid Handling,,"Automated pipetting, High-throughput screening",,Protocol/paper,(see PMC),Maybe (needs verification),PMC full text,,,Adaptation/workflow for an open-source commercial liquid handling robot (likely OT-2; verify in full text).,Practical paper showing how open-source hardware is used/adapted in real screening pipelines.,,yes,maye,maybe,yes,0,,,,,,,,,,,,,liquid_handling | download_manifest,liquid_handling:16,/Users/iyakavets/Library/CloudStorage/OneDrive-SharedLibraries-UniversityofToronto/Acceleration Consortium Research - AC Research Docs/SDL6 - HOM/Projects/biofacrication_perspective/deep search analysis/Open-Source Liquid Handling Hardware.xlsx | downloaded_papers/download_manifest.csv (promoted: assessment keep=yes),url | doi | merged tool+paper record
mSLAb–An open-source masked stereolithography (mSLA) bioprinter,10.1016/j.ohx.2024.e00543,https://doi.org/10.1016/j.ohx.2024.e00543,2024,Bioprinting,,,,,,,,,,,,,,,,,,,,,,,,,,,,,,old_table | summary,old_table:15 | summary:17,/Users/iyakavets/Library/CloudStorage/OneDrive-SharedLibraries-UniversityofToronto/Acceleration Consortium Research - AC Research Docs/SDL6 - HOM/Projects/biofacrication_perspective/deep search analysis/Old table.xlsx | /Users/iyakavets/Library/CloudStorage/OneDrive-SharedLibraries-UniversityofToronto/Acceleration Consortium Research - AC Research Docs/SDL6 - HOM/Projects/biofacrication_perspective/deep search analysis/Summary Table.xlsx,url
LusoBioMaker: A low-cost 3D bioprinter with multi-extrusion and contour printing capabilities for thermo- and photocurable hydrogels towards complex tissue fabrication,10.1016/j.bprint.2025.e00425,https://doi.org/10.1016/j.bprint.2025.e00425,2025,Bioprinting,,,,,,,manual,,,,,,,,,,,,,,,,,,,,,,,download_manifest,,downloaded_papers/download_manifest.csv (promoted: assessment keep=yes),doi
BIO-SPEC: An open-source bench-top parallel bioreactor system,10.1016/j.ohx.2025.e00670,https://doi.org/10.1016/j.ohx.2025.e00670,2025,Bioreactors & Cell Culture,,,,,,,manual,,,,,,,,,,,,,,,,,,,,,,,download_manifest,,downloaded_papers/download_manifest.csv (promoted: assessment keep=yes),doi
Technical upgrade of an open-source liquid handler to support bacterial colony screening,10.3389/fbioe.2023.1202836,https://doi.org/10.3389/fbioe.2023.1202836,2023,Liquid Handling,,,,,,,csv_oa_pdf_url,,,,,,,,,,,,,,,,,,,,,,,download_manifest,,downloaded_papers/download_manifest.csv (promoted: assessment keep=yes),doi
Enhanced Growth of Bacterial Cells in a Smart 3D Printed Bioreactor,10.3390/mi14101829,https://doi.org/10.3390/mi14101829,2023,Bioreactors & Cell Culture,,,,,,,csv_oa_pdf_url,,,,,,,,,,,,,,,,,,,,,,,download_manifest,,downloaded_papers/download_manifest.csv (promoted: assessment keep=yes),doi
A Custom Ultra-Low-Cost 3D Bioprinter Supports Cell Growth and Differentiation,10.3389/fbioe.2020.580889,https://doi.org/10.3389/fbioe.2020.580889,2020,Bioprinting,,,,,,,csv_oa_pdf_url,,,,,,,,,,,,,,,,,,,,,,,download_manifest,,downloaded_papers/download_manifest.csv (promoted: assessment keep=yes),doi
Teach your microscope how to print: low-cost and rapid-iteration microfabrication for biology,10.1039/d5lc00181a,https://doi.org/10.1039/d5lc00181a,2025,Microscopy & Imaging,,,,,,,manual,,,,,,,,,,,,,,,,,,,,,,,download_manifest,,downloaded_papers/download_manifest.csv (promoted: assessment keep=yes),doi
Automated Liquid Handler from a 3D Printer,10.1021/acs.jchemed.3c00855,https://doi.org/10.1021/acs.jchemed.3c00855,2024,Liquid Handling,,,,,,,manual,,,,,,,,,,,,,,,,,,,,,,,download_manifest,,downloaded_papers/download_manifest.csv (promoted: assessment keep=yes),doi
Establishment of low-cost laboratory automation processes using AutoIt and 4-axis robots,10.1016/j.slast.2022.07.001,https://doi.org/10.1016/j.slast.2022.07.001,2022,Liquid Handling,,,,,,,manual,,,,,,,,,,,,,,,,,,,,,,,download_manifest,,downloaded_papers/download_manifest.csv (promoted: assessment keep=yes),doi
"EvoBot: An Open-Source, Modular, Liquid Handling Robot for Scientific Experiments",10.3390/app10030814,https://doi.org/10.3390/app10030814,2020,Liquid Handling,,,,,,,csv_oa_pdf_url,,,,,,,,,,,,,,,,,,,,,,,download_manifest,,downloaded_papers/download_manifest.csv (promoted: assessment keep=yes),doi
An open-source programmable smart pipette for portable cell separation and counting,10.1039/c9ra08368e,https://doi.org/10.1039/c9ra08368e,2019,Liquid Handling,,,,,,,manual,,,,,,,,,,,,,,,,,,,,,,,download_manifest,,downloaded_papers/download_manifest.csv (promoted: assessment keep=yes),doi
3D Printing of Individualized Microfluidic Chips with DLP-Based Printer,10.3390/ma16216984,https://doi.org/10.3390/ma16216984,2023,Microfluidics,,,,,,,csv_oa_pdf_url,,,,,,,,,,,,,,,,,,,,,,,download_manifest,,downloaded_papers/download_manifest.csv (promoted: assessment keep=yes),doi
Melt Electrowriting of Nylon‐12 Microfibers with an Open‐Source 3D Printer,10.1002/marc.202300424,https://doi.org/10.1002/marc.202300424,2023,Microfabrication,,,,,,,manual,,,,,,,,,,,,,,,,,,,,,,,download_manifest,,downloaded_papers/download_manifest.csv (promoted: assessment keep=yes),doi
Modular microfluidic systems cast from 3D-printed molds for imaging leukocyte adherence to differentially treated endothelial cultures,10.1038/s41598-019-47475-z,https://doi.org/10.1038/s41598-019-47475-z,2019,Microfluidics,,,,,,,csv_oa_pdf_url,,,,,,,,,,,,,,,,,,,,,,,download_manifest,,downloaded_papers/download_manifest.csv (promoted: assessment keep=yes),doi
