paper_title,pdf_path,output_json,status
A 3D-Printed Plate Handler for Automated Handling of Well Plates on the Opentrons OT-2,/Users/iyakavets/Documents/Github/dyi-biofabrication/pdfs/002_A_3D-Printed_Plate_Handler_for_Automated_Handling_of_Well_Plates_on_the_Opentrons_OT-2.pdf,/Users/iyakavets/Documents/Github/dyi-biofabrication/pageindex/results/002_A_3D-Printed_Plate_Handler_for_Automated_Handling_of_Well_Plates_on_the_Opentrons_OT-2_structure.json,skipped_existing
"A hackable, multi-functional, and modular extrusion 3D printer for soft materials",/Users/iyakavets/Documents/Github/dyi-biofabrication/pdfs/005_A_hackable_multi-functional_and_modular_extrusion_3D_printer_for_soft_materials.pdf,/Users/iyakavets/Documents/Github/dyi-biofabrication/pageindex/results/005_A_hackable_multi-functional_and_modular_extrusion_3D_printer_for_soft_materials_structure.json,skipped_existing
A robot-assisted acoustofluidic end effector,/Users/iyakavets/Documents/Github/dyi-biofabrication/pdfs/009_A_robot-assisted_acoustofluidic_end_effector.pdf,/Users/iyakavets/Documents/Github/dyi-biofabrication/pageindex/results/009_A_robot-assisted_acoustofluidic_end_effector_structure.json,skipped_existing
A simple method of fabricating mask-free microfluidic devices for biological analysis,/Users/iyakavets/Documents/Github/dyi-biofabrication/pdfs/010_A_simple_method_of_fabricating_mask-free_microfluidic_devices_for_biological_analysis.pdf,/Users/iyakavets/Documents/Github/dyi-biofabrication/pageindex/results/010_A_simple_method_of_fabricating_mask-free_microfluidic_devices_for_biological_analysis_structure.json,skipped_existing
An open source extrusion bioprinter based on the E3D motion system and tool changer to enable FRESH and multimaterial bioprinting,/Users/iyakavets/Documents/Github/dyi-biofabrication/pdfs/013_An_open_source_extrusion_bioprinter_based_on_the_E3D_motion_system_and_tool_changer_to_enable_FRESH_and_multimaterial_bioprinting.pdf,/Users/iyakavets/Documents/Github/dyi-biofabrication/pageindex/results/013_An_open_source_extrusion_bioprinter_based_on_the_E3D_motion_system_and_tool_changer_to_enable_FRESH_and_multimaterial_bioprinting_structure.json,skipped_existing
An Open Source Syringe Pump Controller for Fluid Delivery of Multiple Volumes,/Users/iyakavets/Documents/Github/dyi-biofabrication/pdfs/014_An_Open_Source_Syringe_Pump_Controller_for_Fluid_Delivery_of_Multiple_Volumes.pdf,/Users/iyakavets/Documents/Github/dyi-biofabrication/pageindex/results/014_An_Open_Source_Syringe_Pump_Controller_for_Fluid_Delivery_of_Multiple_Volumes_structure.json,skipped_existing
An open-source and low-cost dual-extruder 3D printer for macroscale biotic materials,/Users/iyakavets/Documents/Github/dyi-biofabrication/pdfs/016_An_open-source_and_low-cost_dual-extruder_3D_printer_for_macroscale_biotic_materials.pdf,/Users/iyakavets/Documents/Github/dyi-biofabrication/pageindex/results/016_An_open-source_and_low-cost_dual-extruder_3D_printer_for_macroscale_biotic_materials_structure.json,indexed
"Design of an Open-Source, Low-Cost Bioink and Food Melt Extrusion 3D Printer",/Users/iyakavets/Documents/Github/dyi-biofabrication/pdfs/026_Design_of_an_Open-Source__Low-Cost_Bioink_and_Food_Melt_Extrusion_3D_Printer.pdf,/Users/iyakavets/Documents/Github/dyi-biofabrication/pageindex/results/026_Design_of_an_Open-Source__Low-Cost_Bioink_and_Food_Melt_Extrusion_3D_Printer_structure.json,indexed
"Designing Cost-Effective, Open-Source, Multi-Head Bioprinters via Conversion of Hobby-Grade 3D Printers",/Users/iyakavets/Documents/Github/dyi-biofabrication/pdfs/029_Designing_Cost-Effective__Open-Source__Multi-Head_Bioprinters_via_Conversion_of_Hobby-Grade_3D_Printers.pdf,/Users/iyakavets/Documents/Github/dyi-biofabrication/pageindex/results/029_Designing_Cost-Effective__Open-Source__Multi-Head_Bioprinters_via_Conversion_of_Hobby-Grade_3D_Printers_structure.json,indexed
Development and implementation of a significantly low-cost 3D bioprinter using recycled scrap material,/Users/iyakavets/Documents/Github/dyi-biofabrication/pdfs/030_Development_and_implementation_of_a_significantly_low-cost_3D_bioprinter_using_recycled_scrap_material.pdf,/Users/iyakavets/Documents/Github/dyi-biofabrication/pageindex/results/030_Development_and_implementation_of_a_significantly_low-cost_3D_bioprinter_using_recycled_scrap_material_structure.json,indexed
Development of a high-performance open-source 3D bioprinter,/Users/iyakavets/Documents/Github/dyi-biofabrication/pdfs/031_Development_of_a_high-performance_open-source_3D_bioprinter.pdf,,failed:1
Development of a Robotic System for Automatic Organic Chemistry Synthesis,/Users/iyakavets/Documents/Github/dyi-biofabrication/pdfs/035_Development_of_a_Robotic_System_for_Automatic_Organic_Chemistry_Synthesis.pdf,/Users/iyakavets/Documents/Github/dyi-biofabrication/pageindex/results/035_Development_of_a_Robotic_System_for_Automatic_Organic_Chemistry_Synthesis_structure.json,indexed
Evaluation of Microplate Handling Accuracy for Applying Robotic Arms in Laboratory Automation,/Users/iyakavets/Documents/Github/dyi-biofabrication/pdfs/036_Evaluation_of_Microplate_Handling_Accuracy_for_Applying_Robotic_Arms_in_Laboratory_Automation.pdf,/Users/iyakavets/Documents/Github/dyi-biofabrication/pageindex/results/036_Evaluation_of_Microplate_Handling_Accuracy_for_Applying_Robotic_Arms_in_Laboratory_Automation_structure.json,indexed
Fabrication and validation of an affordable DIY coaxial 3D extrusion bioprinter,/Users/iyakavets/Documents/Github/dyi-biofabrication/pdfs/038_Fabrication_and_validation_of_an_affordable_DIY_coaxial_3D_extrusion_bioprinter.pdf,/Users/iyakavets/Documents/Github/dyi-biofabrication/pageindex/results/038_Fabrication_and_validation_of_an_affordable_DIY_coaxial_3D_extrusion_bioprinter_structure.json,indexed
"Low-Cost, Modular Modification to a Desktop 3D Printer for General Purpose Gel/Paste Extrusion & Direct Ink Writing",/Users/iyakavets/Documents/Github/dyi-biofabrication/pdfs/044_Low-Cost__Modular_Modification_to_a_Desktop_3D_Printer_for_General_Purpose_Gel_Paste_Extrusion___Direct_Ink_Writing.pdf,/Users/iyakavets/Documents/Github/dyi-biofabrication/pageindex/results/044_Low-Cost__Modular_Modification_to_a_Desktop_3D_Printer_for_General_Purpose_Gel_Paste_Extrusion___Direct_Ink_Writing_structure.json,indexed
"Low-cost, versatile, and highly reproducible microfabrication pipeline to generate 3D-printed customised cell culture devices with complex designs",/Users/iyakavets/Documents/Github/dyi-biofabrication/pdfs/045_Low-cost_versatile_and_highly_reproducible_microfabrication_pipeline_to_generate_3D-printed_customised_cell_culture_devices_with_complex_des.pdf,,failed:1
Open-source cell culture automation system with integrated cell counting for passaging microplate cultures,/Users/iyakavets/Documents/Github/dyi-biofabrication/pdfs/050_Open-source_cell_culture_automation_system_with_integrated_cell_counting_for_passaging_microplate_cultures.pdf,/Users/iyakavets/Documents/Github/dyi-biofabrication/pageindex/results/050_Open-source_cell_culture_automation_system_with_integrated_cell_counting_for_passaging_microplate_cultures_structure.json,indexed
Open-source personal pipetting robots with live-cell incubation and microscopy compatibility,/Users/iyakavets/Documents/Github/dyi-biofabrication/pdfs/052_Open-source_personal_pipetting_robots_with_live-cell_incubation_and_microscopy_compatibility.pdf,,failed:1
Open-Source Syringe Pump Library,/Users/iyakavets/Documents/Github/dyi-biofabrication/pdfs/054_Open-Source_Syringe_Pump_Library.pdf,/Users/iyakavets/Documents/Github/dyi-biofabrication/pageindex/results/054_Open-Source_Syringe_Pump_Library_structure.json,indexed
"Open-source, 3D-printed Peristaltic Pumps for Small Volume Point-of-Care Liquid Handling",/Users/iyakavets/Documents/Github/dyi-biofabrication/pdfs/055_Open-source_3D-printed_Peristaltic_Pumps_for_Small_Volume_Point-of-Care_Liquid_Handling.pdf,/Users/iyakavets/Documents/Github/dyi-biofabrication/pageindex/results/055_Open-source_3D-printed_Peristaltic_Pumps_for_Small_Volume_Point-of-Care_Liquid_Handling_structure.json,indexed
"Open-source, community-driven microfluidics with Metafluidics",/Users/iyakavets/Documents/Github/dyi-biofabrication/pdfs/056_Open-source_community-driven_microfluidics_with_Metafluidics.pdf,/Users/iyakavets/Documents/Github/dyi-biofabrication/pageindex/results/056_Open-source_community-driven_microfluidics_with_Metafluidics_structure.json,indexed
Principles of computer-controlled linear motion applied to an open-source affordable liquid handler for automated micropipetting,/Users/iyakavets/Documents/Github/dyi-biofabrication/pdfs/060_Principles_of_computer-controlled_linear_motion_applied_to_an_open-source_affordable_liquid_handler_for_automated_micropipetting.pdf,/Users/iyakavets/Documents/Github/dyi-biofabrication/pageindex/results/060_Principles_of_computer-controlled_linear_motion_applied_to_an_open-source_affordable_liquid_handler_for_automated_micropipetting_structure.json,indexed
Real-time AI-driven quality control for laboratory automation: a novel computer vision solution for the opentrons OT-2 liquid handling robot,/Users/iyakavets/Documents/Github/dyi-biofabrication/pdfs/062_Real-time_AI-driven_quality_control_for_laboratory_automation__a_novel_computer_vision_solution_for_the_opentrons_OT-2_liquid_handling_robot.pdf,/Users/iyakavets/Documents/Github/dyi-biofabrication/pageindex/results/062_Real-time_AI-driven_quality_control_for_laboratory_automation__a_novel_computer_vision_solution_for_the_opentrons_OT-2_liquid_handling_r_structure.json,indexed
Soft robotic patterning of liquids,/Users/iyakavets/Documents/Github/dyi-biofabrication/pdfs/066_Soft_robotic_patterning_of_liquids.pdf,,failed:1
Srishti: a custom-built laser-assisted 3D bioprinter for fabricating high-resolution biological constructs,/Users/iyakavets/Documents/Github/dyi-biofabrication/pdfs/067_Srishti_a_custom-built_laser-assisted_3D_bioprinter_for_fabricating_high-resolution_biological_constructs.pdf,/Users/iyakavets/Documents/Github/dyi-biofabrication/pageindex/results/067_Srishti_a_custom-built_laser-assisted_3D_bioprinter_for_fabricating_high-resolution_biological_constructs_structure.json,indexed
The ‘bIUreactor’: an open-source 3D tissue research platform,/Users/iyakavets/Documents/Github/dyi-biofabrication/pdfs/071_The_bIUreactor_an_open-source_3D_tissue_research_platform.pdf,/Users/iyakavets/Documents/Github/dyi-biofabrication/pageindex/results/071_The_bIUreactor_an_open-source_3D_tissue_research_platform_structure.json,indexed
